depth,recall,precison,f1_val,f1_train,learning_rate,l2_leaf_reg,border_count,subsample,grow_policy,loss,cum_loss,precision
7.0,0.8181818181818182,0.7974683544303798,0.8076923076923078,0.9,0.011944610797129678,11.070981566038379,70.0,0.22603939467256068,2,0.2135741002980589,0.2135741002980589,0.7974683544303798
9.0,0.20170454545454544,0.8987341772151899,0.32946635730858465,0.3114035087719298,0.0006648271040234697,46.248098195977214,44.0,0.02601864360005976,2,1.1102810325024872,0.2135741002980589,0.8987341772151899
3.0,0.6194690265486725,0.8860759493670886,0.7291666666666666,0.8108108108108109,0.2608634074686039,20.341139661460723,44.0,0.005587174203636834,0,0.3158529494184773,0.2135741002980589,0.8860759493670886
7.0,0.75,0.8354430379746836,0.7904191616766467,0.8936170212765957,0.027301914065635965,41.36869547261179,92.0,0.008193982700404728,0,0.23519188983038425,0.2135741002980589,0.8354430379746836
12.0,0.8947368421052632,0.8607594936708861,0.8774193548387097,0.9487951807228916,0.11630504760145194,16.150656618664154,26.0,0.0035899131865530093,0,0.13077023118319459,0.13077023118319459,0.8607594936708861
8.0,0.7319587628865979,0.8987341772151899,0.8068181818181818,0.8300395256916996,0.05383042171854754,24.06676452393089,16.0,0.013184326165876488,2,0.21465693743689113,0.13077023118319459,0.8987341772151899
12.0,0.5,0.8354430379746836,0.6255924170616114,0.6585365853658536,0.08945831486023426,48.81581516677762,24.0,0.008643005321203028,1,0.4690562108896956,0.13077023118319459,0.8354430379746836
12.0,0.7906976744186046,0.8607594936708861,0.8242424242424243,0.8583106267029973,0.015550033300324515,24.070696468927384,72.0,0.004250971638763471,0,0.1932905881645285,0.13077023118319459,0.8607594936708861
8.0,0.92,0.8734177215189873,0.896103896103896,0.9531013615733737,0.34215718235527925,49.219772135884135,88.0,0.014371933619121861,0,0.10969891725642462,0.10969891725642462,0.8734177215189873
6.0,0.8271604938271605,0.8481012658227848,0.8374999999999999,0.967741935483871,0.0943922599604609,19.116660186104667,72.0,0.05230338567742149,2,0.17733401528291565,0.10969891725642462,0.8481012658227848
5.0,0.8,0.8607594936708861,0.829268292682927,0.8873239436619719,0.2047949620077988,36.86904457449268,30.0,0.0557238581054698,2,0.1872115420881462,0.10969891725642462,0.8607594936708861
6.0,0.422360248447205,0.8607594936708861,0.5666666666666667,0.5771670190274841,0.0008679641271888355,49.80127861166237,34.0,0.004203269605242647,2,0.5679840376059393,0.10969891725642462,0.8607594936708861
8.0,0.7954545454545454,0.8860759493670886,0.8383233532934132,0.9012875536480687,0.008066901759912435,7.835522394146166,90.0,0.2696086379828844,0,0.17635138980745074,0.10969891725642462,0.8860759493670886
3.0,0.35135135135135137,0.8227848101265823,0.49242424242424243,0.47528187337380745,0.0004479642076608959,33.29579421189317,62.0,0.005170485034177192,2,0.7084146526907338,0.10969891725642462,0.8227848101265823
6.0,0.4049079754601227,0.8354430379746836,0.5454545454545455,0.5984598459845984,0.009030681881209422,4.580146320833784,42.0,0.005506390025302713,1,0.6061358035703154,0.10969891725642462,0.8354430379746836
9.0,0.33490566037735847,0.8987341772151899,0.4879725085910653,0.5060435132957293,0.003070917379152065,14.493383573838065,84.0,0.23081098619778287,0,0.7174962095702319,0.10969891725642462,0.8987341772151899
8.0,0.825,0.8354430379746836,0.8301886792452831,0.9375,0.06685853919454798,28.389711713890094,56.0,0.034616855622345025,1,0.1861022796338606,0.10969891725642462,0.8354430379746836
5.0,0.29914529914529914,0.8860759493670886,0.4472843450479233,0.4486251808972504,0.002631859300326195,10.291821923975187,74.0,0.11036579792146547,1,0.804560767930849,0.10969891725642462,0.8860759493670886
10.0,0.3641304347826087,0.8481012658227848,0.5095057034220533,0.4932003626473255,0.25466901632544636,48.03512892186219,46.0,0.007216074869337338,1,0.6743142322268532,0.10969891725642462,0.8481012658227848
11.0,0.9558823529411765,0.8227848101265823,0.8843537414965986,1.0,0.04098204641361173,3.4143832040626156,64.0,0.36253546687056937,1,0.1228981363231539,0.10969891725642462,0.8227848101265823
11.0,0.2132132132132132,0.8987341772151899,0.34466019417475724,0.3417023882424985,0.033479870105345644,3.2238811241326237,100.0,0.01484366942673211,1,1.0651962917482658,0.10969891725642462,0.8987341772151899
10.0,0.7391304347826086,0.8607594936708861,0.7953216374269007,0.881118881118881,0.003778422898365798,0.6318360537870049,82.0,0.12609874036972377,1,0.22900867076660775,0.10969891725642462,0.8607594936708861
11.0,0.8607594936708861,0.8607594936708861,0.8607594936708861,0.9722222222222222,0.16479220161315647,30.060046064803416,100.0,0.018787978264682984,0,0.14994014729091476,0.10969891725642462,0.8607594936708861
10.0,0.918918918918919,0.8607594936708861,0.8888888888888888,0.9692307692307692,0.03481157835346524,41.20100321541203,62.0,0.09367130588231044,1,0.11778303565638351,0.10969891725642462,0.8607594936708861
9.0,0.813953488372093,0.8860759493670886,0.8484848484848485,0.9843749999999999,0.33470946464095164,42.38190005551104,54.0,0.10413318540168207,0,0.1643030512912763,0.10969891725642462,0.8860759493670886
10.0,0.8024691358024691,0.8227848101265823,0.8125000000000001,0.9012875536480687,0.01915958883375854,42.031431627437314,84.0,0.06556370099241704,0,0.20763936477824438,0.10969891725642462,0.8227848101265823
9.0,0.40718562874251496,0.8607594936708861,0.5528455284552846,0.5474747474747474,0.00499254884386848,37.71019530160872,54.0,0.002510170447267136,1,0.5926766501963108,0.10969891725642462,0.8607594936708861
10.0,0.1437125748502994,0.9113924050632911,0.24827586206896549,0.2443559096945551,0.0014240381129633696,45.08387683049044,78.0,0.030049734385682356,1,1.3932148039644645,0.10969891725642462,0.9113924050632911
7.0,0.8947368421052632,0.8607594936708861,0.8774193548387097,0.958904109589041,0.13164340688657655,37.24941872124435,64.0,0.076692861989642,0,0.13077023118319459,0.10969891725642462,0.8607594936708861
8.0,0.7840909090909091,0.8734177215189873,0.8263473053892215,0.9025787965616046,0.022056962987909465,30.030334179358853,90.0,0.04181550600069137,0,0.19074012725955047,0.10969891725642462,0.8734177215189873
7.0,0.9104477611940298,0.7721518987341772,0.8356164383561644,0.9843749999999999,0.3606154236015933,45.571752563053494,98.0,0.1560863366472922,1,0.17958557697507987,0.10969891725642462,0.7721518987341772
9.0,0.7857142857142857,0.8354430379746836,0.8098159509202455,0.8774373259052924,0.011831020826940713,33.07117594876262,66.0,0.020532379692707596,0,0.21094827822039136,0.10969891725642462,0.8354430379746836
11.0,0.4961832061068702,0.8227848101265823,0.6190476190476191,0.639269406392694,0.05357878928397243,40.306226658277346,38.0,0.01236907754316035,1,0.4795730802618862,0.10969891725642462,0.8227848101265823
4.0,0.1393596986817326,0.9367088607594937,0.24262295081967214,0.24155405405405406,0.006009775249210845,49.90535119564303,50.0,0.022164942710583644,0,1.416246683403242,0.10969891725642462,0.9367088607594937
7.0,0.24521072796934865,0.810126582278481,0.3764705882352941,0.4084411164057182,0.0014148333523699478,44.03762093409466,94.0,0.16096558375227876,2,0.9769153536905899,0.10969891725642462,0.810126582278481
9.0,0.8701298701298701,0.8481012658227848,0.8589743589743589,0.9752321981424148,0.3670954960489787,39.91993800028768,58.0,0.08830087928058372,0,0.15201620729862575,0.10969891725642462,0.8481012658227848
8.0,0.3401015228426396,0.8481012658227848,0.4855072463768116,0.4883303411131059,0.07996177053737259,47.02893335986198,10.0,0.009525459746322443,1,0.7225610657662387,0.10969891725642462,0.8481012658227848
12.0,0.7840909090909091,0.8734177215189873,0.8263473053892215,0.9143686502177069,0.028942176342313067,33.76189033961899,76.0,0.04140272263568061,0,0.19074012725955047,0.10969891725642462,0.8734177215189873
10.0,0.9178082191780822,0.8481012658227848,0.881578947368421,0.967741935483871,0.14073018321957642,21.88082003982012,68.0,0.31578532452640135,2,0.12604072089536505,0.10969891725642462,0.8481012658227848
5.0,0.15454545454545454,0.8607594936708861,0.26204238921001927,0.23929236499068898,0.01272902568556438,34.999241552813714,80.0,0.0029606975269618916,0,1.3392489974298367,0.10969891725642462,0.8607594936708861
6.0,0.7710843373493976,0.810126582278481,0.7901234567901234,0.9064748201438849,0.21402479340104708,26.43630188905431,18.0,0.011495939880286701,1,0.23556607131276697,0.10969891725642462,0.810126582278481
11.0,0.7674418604651163,0.8354430379746836,0.8,0.9130434782608696,0.047903072413789445,16.195759383422804,88.0,0.015952563878449625,2,0.2231435513142097,0.10969891725642462,0.8354430379746836
8.0,0.8831168831168831,0.8607594936708861,0.8717948717948718,0.9647779479326187,0.10587976153781388,44.05421510793049,96.0,0.026228067288387016,0,0.137201121513485,0.10969891725642462,0.8607594936708861
12.0,0.35,0.7974683544303798,0.4864864864864865,0.5735159817351598,0.00036631332988922423,49.55150433016116,70.0,0.18303796792193125,2,0.7205461547480597,0.10969891725642462,0.7974683544303798
7.0,0.37055837563451777,0.9240506329113924,0.5289855072463768,0.509952606635071,0.017882120484231514,39.1456583284976,48.0,0.006940099048388327,1,0.6367942440088136,0.10969891725642462,0.9240506329113924
6.0,0.2838983050847458,0.8481012658227848,0.4253968253968254,0.48036951501154734,0.0019378994008946982,31.389567786709915,60.0,0.0542963608858656,0,0.8547328388747217,0.10969891725642462,0.8481012658227848
9.0,0.8375,0.8481012658227848,0.8427672955974843,0.9516616314199395,0.07304821070642774,35.93200961052047,34.0,0.043496859820929525,1,0.17106440226932013,0.10969891725642462,0.8481012658227848
4.0,0.08254716981132075,0.8860759493670886,0.15102481121898598,0.14670813893208914,0.0006488190583141856,27.06438532994609,86.0,0.06360393474175685,2,1.890311142956551,0.10969891725642462,0.8860759493670886
10.0,0.7191011235955056,0.810126582278481,0.761904761904762,0.8725761772853186,0.006985036612539159,22.257760987138667,40.0,0.03461085915728054,0,0.27193371548364165,0.10969891725642462,0.810126582278481
8.0,0.9041095890410958,0.8354430379746836,0.8684210526315789,0.9874608150470219,0.038381016469176125,17.557287124698682,74.0,0.22256915992749218,1,0.14107859825990562,0.10969891725642462,0.8354430379746836
7.0,0.7444444444444445,0.8481012658227848,0.7928994082840237,0.8653846153846153,0.02357613181549213,47.31987062101692,28.0,0.025911796313198534,1,0.23205891497216205,0.10969891725642462,0.8481012658227848
12.0,0.9402985074626866,0.7974683544303798,0.8630136986301371,0.9782608695652174,0.18525562484343755,13.33974990189379,92.0,0.010273464983663222,0,0.1473247147568583,0.10969891725642462,0.7974683544303798
6.0,0.7857142857142857,0.8354430379746836,0.8098159509202455,0.9025787965616046,0.2979036107365121,42.92625968890517,50.0,0.003908591608462927,2,0.21094827822039136,0.10969891725642462,0.8354430379746836
11.0,0.4088050314465409,0.8227848101265823,0.546218487394958,0.5503875968992248,0.010319627277399,38.27261814172843,70.0,0.016622012938683206,1,0.6047362232158922,0.10969891725642462,0.8227848101265823
9.0,0.7738095238095238,0.8227848101265823,0.7975460122699387,0.8923512747875354,0.06369715219204698,24.833555577148093,22.0,0.004686139303763081,0,0.22621575035117983,0.10969891725642462,0.8227848101265823
5.0,0.49612403100775193,0.810126582278481,0.6153846153846154,0.5878220140515222,0.015277890448964998,48.476261475321515,78.0,0.00750166893530191,1,0.48550781578170077,0.10969891725642462,0.810126582278481
10.0,0.8918918918918919,0.8354430379746836,0.8627450980392156,0.9767441860465117,0.23303774408788394,31.669955093223336,34.0,0.09156511188017885,0,0.14763599880606468,0.10969891725642462,0.8354430379746836
8.0,0.4258064516129032,0.8354430379746836,0.5641025641025641,0.6041896361631753,0.09797107208062879,8.907436373713729,62.0,0.006207321751391473,1,0.5725191927713306,0.10969891725642462,0.8354430379746836
9.0,0.7777777777777778,0.8860759493670886,0.8284023668639053,0.9170305676855895,0.03185342846567792,41.00515166969138,44.0,0.14079376409216415,2,0.18825629231376917,0.10969891725642462,0.8860759493670886
4.0,0.41714285714285715,0.9240506329113924,0.5748031496062992,0.47711781888997085,0.004842052103710929,19.53848160839493,82.0,0.0032657415437330807,0,0.5537276453102001,0.10969891725642462,0.9240506329113924
3.0,0.8313253012048193,0.8734177215189873,0.8518518518518519,0.9692307692307692,0.15839213168117394,46.201434876437794,54.0,0.11594116699784335,1,0.16034265007517937,0.10969891725642462,0.8734177215189873
11.0,0.6601941747572816,0.8607594936708861,0.7472527472527474,0.7845579078455791,0.0026378194537351,35.93789467958327,74.0,0.07551963964531754,0,0.2913518013407432,0.10969891725642462,0.8607594936708861
12.0,0.6039603960396039,0.7721518987341772,0.6777777777777778,0.6786632390745503,0.0010583903442121085,6.279078173400325,58.0,0.014007198438936398,1,0.3889358061569538,0.10969891725642462,0.7721518987341772
10.0,0.6907216494845361,0.8481012658227848,0.7613636363636364,0.8087291399229782,0.003518235892061978,29.158273578703653,88.0,0.04842509361491664,0,0.2726441950872404,0.10969891725642462,0.8481012658227848
8.0,0.8518518518518519,0.8734177215189873,0.8624999999999999,0.9183673469387755,0.04244152050840203,44.20662163272346,66.0,0.033806757316274694,1,0.1479201300766223,0.10969891725642462,0.8734177215189873
11.0,0.8987341772151899,0.8987341772151899,0.8987341772151899,0.9952606635071091,0.025281016177621445,1.059508505474795,52.0,0.2844482575016077,1,0.10676797542570605,0.10676797542570605,0.8987341772151899
11.0,0.8292682926829268,0.8607594936708861,0.8447204968944099,0.9722222222222222,0.025097778375177654,12.764804078299479,50.0,0.2611122195986908,1,0.16874947924841108,0.10676797542570605,0.8607594936708861
10.0,0.8767123287671232,0.810126582278481,0.8421052631578948,0.9473684210526316,0.00833718436644568,11.590374898067411,40.0,0.36405784618260095,1,0.17185025692665915,0.10676797542570605,0.810126582278481
12.0,0.8235294117647058,0.8860759493670886,0.8536585365853657,0.9090909090909091,0.014283100664572074,5.259933959191718,10.0,0.18676363245470634,1,0.15822400521489427,0.10676797542570605,0.8860759493670886
11.0,0.927536231884058,0.810126582278481,0.8648648648648648,0.9952606635071091,0.018306034492894897,1.2204934784537964,30.0,0.2715349209610242,1,0.14518200984449797,0.10676797542570605,0.810126582278481
9.0,0.9558823529411765,0.8227848101265823,0.8843537414965986,0.9936908517350158,0.06037579757034376,49.96150458471231,36.0,0.31028064564091085,1,0.1228981363231539,0.10676797542570605,0.8227848101265823
10.0,0.71,0.8987341772151899,0.7932960893854749,0.8536585365853657,0.009864489725576775,26.840191546823085,52.0,0.20673723830786636,1,0.2315587482394942,0.10676797542570605,0.8987341772151899
12.0,0.75,0.8734177215189873,0.8070175438596491,0.8974358974358974,0.005664361594141091,22.308456275743087,58.0,0.1357566742724886,1,0.2144098713454552,0.10676797542570605,0.8734177215189873
7.0,0.8421052631578947,0.810126582278481,0.8258064516129032,0.9618320610687023,0.11748943192232725,42.9453460905796,46.0,0.06736267584970843,1,0.19139485299962947,0.10676797542570605,0.810126582278481
11.0,0.8607594936708861,0.8607594936708861,0.8607594936708861,0.9473684210526316,0.08639200930915668,16.971087595837897,62.0,0.09820198095217203,2,0.14994014729091476,0.10676797542570605,0.8607594936708861
9.0,0.20249221183800623,0.8227848101265823,0.325,0.35568181818181815,0.004250076218567797,38.58035170737047,42.0,0.02281714442808796,0,1.1239300966523995,0.10676797542570605,0.8227848101265823
8.0,0.8214285714285714,0.8734177215189873,0.8466257668711655,0.9143686502177069,0.05363660348810525,33.86646615115374,16.0,0.03005981192353271,1,0.16649651564955778,0.10676797542570605,0.8734177215189873
10.0,0.9117647058823529,0.7848101265822784,0.8435374149659863,0.967741935483871,0.28699286680096014,48.1871649151002,64.0,0.017564525508061198,1,0.1701510211736995,0.10676797542570605,0.7848101265822784
11.0,0.7976190476190477,0.8481012658227848,0.8220858895705523,0.9502262443438914,0.03750631646339917,2.5554393310333623,56.0,0.008355513146448194,0,0.1959104008558508,0.10676797542570605,0.8481012658227848
6.0,0.5071428571428571,0.8987341772151899,0.6484018264840183,0.6645569620253164,0.006947862099125233,41.092531264564855,96.0,0.1629397575648707,2,0.43324467221524,0.10676797542570605,0.8987341772151899
12.0,0.8974358974358975,0.8860759493670886,0.8917197452229298,0.9417040358744395,0.02819209246971132,21.023734054671294,70.0,0.12020522517253095,1,0.11460338273900386,0.10676797542570605,0.8860759493670886
12.0,0.4533333333333333,0.8607594936708861,0.593886462882096,0.5987124463519313,0.01997078478661151,8.036541244866683,70.0,0.010904598408607802,1,0.5210671178181877,0.10676797542570605,0.8607594936708861
12.0,0.7128712871287128,0.9113924050632911,0.8,0.8885754583921016,0.0020018812913337246,14.511057292222743,78.0,0.30599661664619776,0,0.2231435513142097,0.10676797542570605,0.9113924050632911
5.0,0.1571753986332574,0.8734177215189873,0.26640926640926643,0.272134203168686,0.0006279126082538455,21.051467579919308,84.0,0.08046316862970408,1,1.3227215571022783,0.10676797542570605,0.8734177215189873
12.0,0.8732394366197183,0.7848101265822784,0.8266666666666665,0.973724884080371,0.029193772895928668,0.1490880660723164,68.0,0.11346305354292902,0,0.19035372849121904,0.10676797542570605,0.7848101265822784
11.0,0.8985507246376812,0.7848101265822784,0.8378378378378378,0.9692307692307692,0.16483171517009157,18.336970723007347,92.0,0.01298785595089975,2,0.17693070815907821,0.10676797542570605,0.7848101265822784
3.0,0.42857142857142855,0.7974683544303798,0.5575221238938053,0.594017094017094,0.011917333436751497,23.753849114763394,80.0,0.009354118639532281,1,0.5842530923208079,0.10676797542570605,0.7974683544303798
12.0,0.8552631578947368,0.8227848101265823,0.8387096774193549,0.9797822706065318,0.1265595562126166,2.012204967170785,74.0,0.026011942903387725,0,0.17589066646366416,0.10676797542570605,0.8227848101265823
7.0,0.8470588235294118,0.9113924050632911,0.8780487804878048,0.9603658536585366,0.07584669011210873,14.589640127514704,86.0,0.03869407281435792,1,0.13005312824819792,0.10676797542570605,0.9113924050632911
4.0,0.8,0.8607594936708861,0.829268292682927,0.8974358974358974,0.047491092878481786,6.203381608809492,100.0,0.01883924529524893,0,0.1872115420881462,0.10676797542570605,0.8607594936708861
11.0,0.3701657458563536,0.8481012658227848,0.5153846153846153,0.518095238095238,0.016306415832158496,9.455005122726883,72.0,0.0025421937111123625,1,0.6628418310646165,0.10676797542570605,0.8481012658227848
5.0,0.12667946257197696,0.8354430379746836,0.21999999999999997,0.24146757679180889,0.0074715094849456525,23.399419114557055,60.0,0.060918151935970596,2,1.5141277326297757,0.10676797542570605,0.8354430379746836
9.0,0.9027777777777778,0.8227848101265823,0.8609271523178809,0.9722222222222222,0.021684543028873647,10.913842513100919,76.0,0.2426171444934688,1,0.14974538635934184,0.10676797542570605,0.8227848101265823
12.0,0.37572254335260113,0.8227848101265823,0.5158730158730158,0.49269717624148,0.0005140026967005532,3.9591911291142488,66.0,0.005889943336239341,0,0.661894637055841,0.10676797542570605,0.8227848101265823
10.0,0.9014084507042254,0.810126582278481,0.8533333333333334,0.9782608695652174,0.02632331536669515,25.586714343215057,98.0,0.339435392198794,1,0.15860503017663852,0.10676797542570605,0.810126582278481
8.0,0.14601769911504425,0.8354430379746836,0.2485875706214689,0.2441534144059869,0.0017029998770719237,28.361456505074063,52.0,0.02139298313474365,0,1.391960098655568,0.10676797542570605,0.8354430379746836
6.0,0.2064516129032258,0.810126582278481,0.3290488431876607,0.39561855670103097,0.0010688976488455553,31.527405163033894,82.0,0.17779454101137324,1,1.111549079698829,0.10676797542570605,0.810126582278481
11.0,0.7727272727272727,0.8607594936708861,0.8143712574850299,0.8848314606741573,0.012987278830239595,18.85376689935677,48.0,0.0500701302739044,2,0.2053389266807031,0.10676797542570605,0.8607594936708861
7.0,0.8352941176470589,0.8987341772151899,0.8658536585365854,0.9431137724550898,0.10163291734738436,12.404141896781335,90.0,0.015196078420464523,0,0.1440393702229377,0.10676797542570605,0.8987341772151899
9.0,0.44,0.8354430379746836,0.5764192139737991,0.5675675675675675,0.043922088323144114,20.07670743865691,80.0,0.005131378276418747,1,0.5509200809678688,0.10676797542570605,0.8354430379746836
10.0,0.2080745341614907,0.8481012658227848,0.3341645885286783,0.36167664670658684,0.003034176912954814,7.357243653670086,24.0,0.12217244730350413,1,1.0961216273556578,0.10676797542570605,0.8481012658227848
12.0,0.7926829268292683,0.8227848101265823,0.8074534161490684,0.9025787965616046,0.00922217083802434,21.096753292317743,60.0,0.13489159816112004,0,0.2138699145288805,0.10676797542570605,0.8227848101265823
8.0,0.9210526315789473,0.8860759493670886,0.9032258064516129,0.9319526627218936,0.1830953242607003,16.02920180305253,94.0,0.08315015025260697,1,0.10178269430994236,0.10178269430994236,0.8860759493670886
8.0,0.8780487804878049,0.9113924050632911,0.8944099378881988,0.9921259842519685,0.356534544410035,15.70329584398422,96.0,0.08298435264997413,2,0.11159106540846235,0.10178269430994236,0.9113924050632911
7.0,0.9242424242424242,0.7721518987341772,0.8413793103448275,0.9921259842519685,0.21067228384622694,4.819276597589603,30.0,0.037249378440528634,0,0.17271269768731795,0.10178269430994236,0.7721518987341772
6.0,0.92,0.8734177215189873,0.896103896103896,0.958904109589041,0.2634676053676636,13.602189387414745,94.0,0.04546281098150138,1,0.10969891725642462,0.10178269430994236,0.8734177215189873
6.0,0.9558823529411765,0.8227848101265823,0.8843537414965986,0.9828393135725428,0.2826594242000938,10.439534580614106,94.0,0.10538939015552369,1,0.1228981363231539,0.10178269430994236,0.8227848101265823
4.0,0.9420289855072463,0.8227848101265823,0.8783783783783783,0.9722222222222222,0.2483641819523062,13.882219897842164,42.0,0.05911331752281702,1,0.12967782330853275,0.10178269430994236,0.8227848101265823
6.0,0.9154929577464789,0.8227848101265823,0.8666666666666667,0.9722222222222222,0.1411325488680427,15.625149765870715,36.0,0.06708122414940113,1,0.1431008436406733,0.10178269430994236,0.8227848101265823
8.0,0.9142857142857143,0.810126582278481,0.8590604026845637,0.9224011713030746,0.18418676777698878,9.36177007707488,98.0,0.03279201784344007,0,0.151916042025842,0.10178269430994236,0.810126582278481
5.0,0.8571428571428571,0.759493670886076,0.8053691275167785,0.9813084112149533,0.3319534377605024,18.0554276014429,46.0,0.05283841321461445,1,0.21645456316341322,0.10178269430994236,0.759493670886076
5.0,0.9142857142857143,0.810126582278481,0.8590604026845637,0.9487951807228916,0.08679366941486888,16.711998611917878,32.0,0.047356855158347144,1,0.151916042025842,0.10178269430994236,0.810126582278481
4.0,0.9428571428571428,0.8354430379746836,0.8859060402684563,0.9722222222222222,0.06424579840331654,11.777394645452198,88.0,0.0737371880850449,1,0.12114438335908835,0.10178269430994236,0.8354430379746836
7.0,0.8918918918918919,0.8354430379746836,0.8627450980392156,0.9905660377358491,0.18996480856494527,1.4969428655539636,86.0,0.024488334379016076,2,0.14763599880606468,0.10178269430994236,0.8354430379746836
9.0,0.8552631578947368,0.8227848101265823,0.8387096774193549,0.9603658536585366,0.10901349883860377,32.74218660925203,52.0,0.02881786955736396,0,0.17589066646366416,0.10178269430994236,0.8227848101265823
5.0,0.9384615384615385,0.7721518987341772,0.8472222222222223,0.9968354430379747,0.14609520764946873,7.991190954940215,94.0,0.20918157717325334,1,0.16579225484274396,0.10178269430994236,0.7721518987341772
6.0,0.8805970149253731,0.7468354430379747,0.8082191780821918,0.9828393135725428,0.23209748556681872,5.800071501156475,38.0,0.0439387225838178,1,0.21292199724267166,0.10178269430994236,0.7468354430379747
8.0,0.8292682926829268,0.8607594936708861,0.8447204968944099,0.9117221418234442,0.03352960862581336,29.371894624563446,56.0,0.007452388597305861,0,0.16874947924841108,0.10178269430994236,0.8607594936708861
6.0,0.9836065573770492,0.759493670886076,0.8571428571428572,1.0,0.3238230078567893,3.018877479435794,48.0,0.09911812873805888,1,0.15415067982725822,0.10178269430994236,0.759493670886076
9.0,0.8095238095238095,0.8607594936708861,0.834355828220859,0.9156976744186047,0.09252905802498615,27.656979497137222,12.0,0.012193416252065815,2,0.18109531507071025,0.10178269430994236,0.8607594936708861
7.0,0.8666666666666667,0.8227848101265823,0.8441558441558442,0.973724884080371,0.06904627967487328,6.94856349970213,20.0,0.0874616532432232,1,0.16941815195804666,0.10178269430994236,0.8227848101265823
8.0,0.8933333333333333,0.8481012658227848,0.8701298701298702,0.9531013615733737,0.12017417296528696,34.84456274970643,76.0,0.27799052403469543,0,0.1391128024627177,0.10178269430994236,0.8481012658227848
9.0,0.8227848101265823,0.8227848101265823,0.8227848101265823,0.9388971684053652,0.047679624354048364,4.384940574286919,68.0,0.00957303578349031,0,0.1950605825713843,0.10178269430994236,0.8227848101265823
4.0,0.9315068493150684,0.8607594936708861,0.8947368421052632,0.9968354430379747,0.16937884880421344,0.3987104330048332,26.0,0.055601320225631155,1,0.11122563511022437,0.10178269430994236,0.8607594936708861
3.0,0.7640449438202247,0.8607594936708861,0.8095238095238095,0.9237536656891495,0.05522447703645991,22.891750399628794,44.0,0.15846070866163428,1,0.2113090936672069,0.10178269430994236,0.8607594936708861
10.0,0.8181818181818182,0.9113924050632911,0.8622754491017964,0.9051724137931035,0.08055389398021874,24.771253446103525,92.0,0.020011425282492164,2,0.14818051284075445,0.10178269430994236,0.9113924050632911
7.0,0.875,0.8860759493670886,0.8805031446540881,0.9859154929577464,0.25964728435743356,25.839317508317908,64.0,0.1860700773601039,1,0.1272617796109272,0.10178269430994236,0.8860759493670886
5.0,0.3244444444444444,0.9240506329113924,0.4802631578947367,0.48292295472597296,0.005347916345011546,13.237072528411087,84.0,0.03900653213632779,1,0.7334210796978855,0.10178269430994236,0.9240506329113924
6.0,0.6697247706422018,0.9240506329113924,0.7765957446808511,0.7645631067961165,0.00628330266962909,9.899675361748997,90.0,0.07294914119155735,1,0.25283534112161266,0.10178269430994236,0.9240506329113924
8.0,0.810126582278481,0.810126582278481,0.810126582278481,0.9012875536480687,0.03598383186417093,36.842370859117594,78.0,0.016894193302026524,0,0.21056476910734964,0.10178269430994236,0.810126582278481
6.0,0.9014084507042254,0.810126582278481,0.8533333333333334,1.0,0.21508238736177937,19.422019830987615,40.0,0.3654869258548017,1,0.15860503017663852,0.10178269430994236,0.810126582278481
10.0,0.40522875816993464,0.7848101265822784,0.5344827586206896,0.6673728813559321,0.0003479036050634518,32.57155979246458,72.0,0.2384148430480827,0,0.6264558060612732,0.10178269430994236,0.7848101265822784
7.0,0.16449086161879894,0.7974683544303798,0.27272727272727265,0.31619679380873406,0.0038503710152862306,14.706906797777581,54.0,0.032447363486382864,1,1.299282984130261,0.10178269430994236,0.7974683544303798
3.0,0.09645390070921986,0.8607594936708861,0.173469387755102,0.1959731543624161,0.0009198139675298568,17.239639240550062,98.0,0.20346888770977264,1,1.751754134614356,0.10178269430994236,0.8607594936708861
5.0,0.9054054054054054,0.8481012658227848,0.8758169934640523,0.9968354430379747,0.058745320758178655,8.383244812087211,58.0,0.15173223416920212,1,0.1325981214415241,0.10178269430994236,0.8481012658227848
4.0,0.08616187989556136,0.8354430379746836,0.15621301775147928,0.17353579175704992,0.0024589987038685654,11.190140256867485,62.0,0.0444981623469944,1,1.8565347047708032,0.10178269430994236,0.8354430379746836
6.0,0.9041095890410958,0.8354430379746836,0.8684210526315789,0.9843749999999999,0.3638365757074187,7.013970954033825,100.0,0.14297336641728509,1,0.14107859825990562,0.10178269430994236,0.8354430379746836
9.0,0.5043478260869565,0.7341772151898734,0.5979381443298968,0.6002522068095838,0.01607401730490049,30.48023758414748,82.0,0.006257278469299375,2,0.5142679679569637,0.10178269430994236,0.7341772151898734
7.0,0.8873239436619719,0.7974683544303798,0.8400000000000001,0.9782608695652174,0.02019733074537803,12.016928196998157,90.0,0.09149073543491619,1,0.17435338714477766,0.10178269430994236,0.7974683544303798
5.0,0.9558823529411765,0.8227848101265823,0.8843537414965986,0.9936908517350158,0.14509298081284572,15.722384002384029,66.0,0.2905990551229985,1,0.1228981363231539,0.10178269430994236,0.8227848101265823
6.0,0.7682926829268293,0.7974683544303798,0.782608695652174,0.9278350515463918,0.024197976239913755,5.275930017613403,76.0,0.02830442902800421,1,0.24512245803298496,0.10178269430994236,0.7974683544303798
7.0,0.8717948717948718,0.8607594936708861,0.8662420382165605,0.9752321981424148,0.1258668903757592,20.51575543373255,14.0,0.11218782980151365,1,0.143590919612256,0.10178269430994236,0.8607594936708861
4.0,0.4788732394366197,0.8607594936708861,0.6153846153846154,0.6745182012847966,0.011272884035873697,3.4207296356761834,32.0,0.06943849236945879,1,0.48550781578170077,0.10178269430994236,0.8607594936708861
8.0,0.7926829268292683,0.8227848101265823,0.8074534161490684,0.9402985074626865,0.014140243603408193,1.1766280079510825,50.0,0.03614189656339686,1,0.2138699145288805,0.10178269430994236,0.8227848101265823
9.0,0.8214285714285714,0.8734177215189873,0.8466257668711655,0.9487951807228916,0.30211227126063883,28.055242049945164,86.0,0.004364755334982024,0,0.16649651564955778,0.10178269430994236,0.8734177215189873
8.0,0.9210526315789473,0.8860759493670886,0.9032258064516129,0.9692307692307692,0.1793074828718839,21.533511499887368,94.0,0.00880592848102169,0,0.10178269430994236,0.10178269430994236,0.8860759493670886
8.0,0.8292682926829268,0.8607594936708861,0.8447204968944099,0.9183673469387755,0.1855817616107299,24.377300663471562,96.0,0.0028785780615188093,0,0.16874947924841108,0.10178269430994236,0.8607594936708861
7.0,0.8414634146341463,0.8734177215189873,0.857142857142857,0.9117221418234442,0.07167250709867005,21.775551302219622,94.0,0.01929939956786811,1,0.1541506798272585,0.10178269430994236,0.8734177215189873
8.0,0.8809523809523809,0.9367088607594937,0.9079754601226993,0.9431137724550898,0.09933666664346226,14.004879520877761,84.0,0.023035370708314924,2,0.09653792704264742,0.09653792704264742,0.9367088607594937
8.0,0.8026315789473685,0.7721518987341772,0.7870967741935484,0.9431137724550898,0.10574275288495194,17.96511531110048,100.0,0.006647541859112646,2,0.23940407218599005,0.09653792704264742,0.7721518987341772
9.0,0.5354330708661418,0.8607594936708861,0.6601941747572816,0.6609756097560976,0.04106577278059879,19.25882130149051,88.0,0.005344952657747271,2,0.415221283053529,0.09653792704264742,0.8607594936708861
8.0,0.8024691358024691,0.8227848101265823,0.8125000000000001,0.9333333333333333,0.08930706894974243,25.69784756623562,80.0,0.0140572973803541,2,0.20763936477824438,0.09653792704264742,0.8227848101265823
9.0,0.7804878048780488,0.810126582278481,0.7950310559006211,0.9375,0.16205761566739016,14.913104653044261,84.0,0.003738749827293339,2,0.2293741010648459,0.09653792704264742,0.810126582278481
8.0,0.4676258992805755,0.8227848101265823,0.5963302752293578,0.6116611661166117,0.05252876889224152,23.754440805104764,92.0,0.008193866984208806,2,0.5169606123335067,0.09653792704264742,0.8227848101265823
10.0,0.891566265060241,0.9367088607594937,0.9135802469135801,0.9319526627218936,0.07892696133942247,16.829228806204554,96.0,0.011287267398481295,2,0.09038406146826919,0.09038406146826919,0.9367088607594937
10.0,0.813953488372093,0.8860759493670886,0.8484848484848485,0.9210526315789475,0.21708627846495054,22.756008418567973,98.0,0.010989424851034905,2,0.1643030512912763,0.09038406146826919,0.8860759493670886
9.0,0.8243243243243243,0.7721518987341772,0.7973856209150328,0.9545454545454545,0.06997589887298496,16.23226513881899,90.0,0.009049357913764848,2,0.2264168766591787,0.09038406146826919,0.7721518987341772
9.0,0.7555555555555555,0.8607594936708861,0.8047337278106509,0.9333333333333333,0.1291030043076724,20.207391924439182,86.0,0.015535175056912235,2,0.21724382918702145,0.09038406146826919,0.8607594936708861
10.0,0.8571428571428571,0.9113924050632911,0.8834355828220858,0.945945945945946,0.11067922432439552,12.724221524949888,96.0,0.01269151094729063,2,0.12393690123076183,0.09038406146826919,0.9113924050632911
8.0,0.30612244897959184,0.759493670886076,0.43636363636363634,0.4351767905711696,0.03207404719855716,18.582518386118824,82.0,0.02309456539724261,2,0.8292793548845253,0.09038406146826919,0.759493670886076
7.0,0.8961038961038961,0.8734177215189873,0.8846153846153846,0.9618320610687023,0.3674098716136677,26.82272649835054,92.0,0.003305344625716171,2,0.12260232209233239,0.09038406146826919,0.8734177215189873
9.0,0.8648648648648649,0.810126582278481,0.8366013071895425,0.9104046242774567,0.24811450697329307,21.438807113916866,98.0,0.008179877222382266,2,0.17840765747281825,0.09038406146826919,0.810126582278481
8.0,0.8441558441558441,0.8227848101265823,0.8333333333333334,0.944527736131934,0.15009903875164465,16.890689836215632,88.0,0.0047693959929644165,2,0.1823215567939546,0.09038406146826919,0.8227848101265823
10.0,0.88,0.8354430379746836,0.8571428571428572,0.9722222222222222,0.080151039805535,10.520349237847036,100.0,0.017597837469715782,2,0.15415067982725822,0.09038406146826919,0.8354430379746836
8.0,0.788235294117647,0.8481012658227848,0.8170731707317074,0.9210526315789475,0.09707218185004618,13.484407871682189,84.0,0.010289392370001354,2,0.20202662787328698,0.09038406146826919,0.8481012658227848
7.0,0.9154929577464789,0.8227848101265823,0.8666666666666667,0.9797822706065318,0.3116427533773241,15.316460630535595,94.0,0.011793042116182534,2,0.1431008436406733,0.09038406146826919,0.8227848101265823
9.0,0.9027777777777778,0.8227848101265823,0.8609271523178809,0.9559939301972685,0.200499083869416,8.790049627118977,96.0,0.013888861201639804,2,0.14974538635934184,0.09038406146826919,0.8227848101265823
11.0,0.8378378378378378,0.7848101265822784,0.8104575163398693,0.9752321981424148,0.17570042029389069,20.07995388055728,80.0,0.006981182253229813,2,0.21015635578739858,0.09038406146826919,0.7848101265822784
8.0,0.7727272727272727,0.8607594936708861,0.8143712574850299,0.9264705882352942,0.06284935973565547,17.436473939757285,72.0,0.02141643505415593,2,0.2053389266807031,0.09038406146826919,0.8607594936708861
10.0,0.7926829268292683,0.8227848101265823,0.8074534161490684,0.944527736131934,0.05076198977406411,13.970021986907014,82.0,0.024658860425644476,2,0.2138699145288805,0.09038406146826919,0.8227848101265823
7.0,0.7901234567901234,0.810126582278481,0.8,0.9292035398230089,0.04280943871907158,11.54868418482732,90.0,0.01007069288219098,2,0.2231435513142097,0.09038406146826919,0.810126582278481
9.0,0.9,0.7974683544303798,0.8456375838926175,0.9767441860465117,0.28111351238709575,18.654560577812205,78.0,0.02733792177823445,2,0.16766439899398114,0.09038406146826919,0.7974683544303798
8.0,0.8589743589743589,0.8481012658227848,0.8535031847133757,0.9197080291970803,0.12220405149206914,23.239960185136567,88.0,0.005819722563996367,0,0.15840600539739677,0.09038406146826919,0.8481012658227848
7.0,0.2982456140350877,0.8607594936708861,0.44299674267100975,0.44838709677419347,0.029611490991813188,29.091501810025484,74.0,0.01843003843570947,2,0.8141928618511453,0.09038406146826919,0.8607594936708861
10.0,0.7444444444444445,0.8481012658227848,0.7928994082840237,0.9264705882352942,0.037533672854233355,30.306433232247844,92.0,0.015552260039553779,2,0.23205891497216205,0.09038406146826919,0.8481012658227848
9.0,0.8648648648648649,0.810126582278481,0.8366013071895425,0.9633027522935781,0.09853526236876617,21.987935523072615,96.0,0.0083965672274709,0,0.17840765747281825,0.09038406146826919,0.810126582278481
8.0,0.863013698630137,0.7974683544303798,0.8289473684210525,0.9707241910631741,0.23658057857707512,9.668896213912577,100.0,0.031320193719187615,2,0.1875986138947985,0.09038406146826919,0.7974683544303798
10.0,0.8266666666666667,0.7848101265822784,0.8051948051948051,0.9502262443438914,0.14087925816827973,16.4008308541585,76.0,0.007479855103554176,0,0.21667103680859237,0.09038406146826919,0.7848101265822784
11.0,0.7976190476190477,0.8481012658227848,0.8220858895705523,0.9197080291970803,0.06033474564351454,25.404257967117942,98.0,0.013117088009739316,2,0.1959104008558508,0.09038406146826919,0.8481012658227848
7.0,0.7362637362637363,0.8481012658227848,0.788235294117647,0.8873239436619719,0.07280757588661843,24.025338644292276,84.0,0.004256092266969143,0,0.23795863709935042,0.09038406146826919,0.8481012658227848
9.0,0.34,0.8607594936708861,0.48745519713261654,0.5022421524663676,0.08243687863727477,27.463500680804692,86.0,0.004978932145740672,2,0.7185568960853135,0.09038406146826919,0.8607594936708861
8.0,0.8441558441558441,0.8227848101265823,0.8333333333333334,0.944527736131934,0.3625119061411139,12.747408697277612,94.0,0.002854141374337511,0,0.1823215567939546,0.09038406146826919,0.8227848101265823
7.0,0.8513513513513513,0.7974683544303798,0.8235294117647058,0.9143686502177069,0.16016088795364822,19.384306979992793,92.0,0.010928236499892906,2,0.1941560144409575,0.09038406146826919,0.7974683544303798
11.0,0.85,0.8607594936708861,0.8553459119496856,0.9574468085106383,0.11070213068008601,17.733230862271018,70.0,0.020462148071613652,2,0.15624931648417947,0.09038406146826919,0.8607594936708861
9.0,0.8625,0.8734177215189873,0.8679245283018868,0.9752321981424148,0.18318546095808386,20.816922893690016,74.0,0.04140272269781158,0,0.1416505170630268,0.09038406146826919,0.8734177215189873
8.0,0.8641975308641975,0.8860759493670886,0.8749999999999999,0.9278350515463918,0.046323767455319825,14.464970991345362,88.0,0.05989213342989078,2,0.13353139262452274,0.09038406146826919,0.8860759493670886
9.0,0.8271604938271605,0.8481012658227848,0.8374999999999999,0.9782608695652174,0.2183030306123649,6.423175039429365,68.0,0.02369719799404037,0,0.17733401528291565,0.09038406146826919,0.8481012658227848
8.0,0.825,0.8354430379746836,0.8301886792452831,0.9633027522935781,0.13260642326684882,10.720805195393469,80.0,0.006510769899803705,2,0.1861022796338606,0.09038406146826919,0.8354430379746836
10.0,0.8472222222222222,0.7721518987341772,0.8079470198675496,0.9502262443438914,0.26714378163970154,22.224355098090776,100.0,0.0034954063228355005,0,0.2132587920816679,0.09038406146826919,0.7721518987341772
7.0,0.3155339805825243,0.8227848101265823,0.456140350877193,0.5314553990610329,0.0235727936867781,15.459577021027872,86.0,0.009132808888297478,2,0.784954729813068,0.09038406146826919,0.8227848101265823
6.0,0.8181818181818182,0.7974683544303798,0.8076923076923078,0.9197080291970803,0.08891806322822361,17.082645163747227,90.0,0.01454640941299073,2,0.2135741002980589,0.09038406146826919,0.7974683544303798
10.0,0.32786885245901637,0.759493670886076,0.45801526717557256,0.46348588120740014,0.01769708203443769,26.173019502330572,98.0,0.005765332041588631,0,0.7808527609790508,0.09038406146826919,0.759493670886076
7.0,0.7951807228915663,0.8354430379746836,0.8148148148148148,0.9722222222222222,0.32043771736496723,8.130269293076312,78.0,0.017306955839610533,2,0.20479441264601328,0.09038406146826919,0.8354430379746836
9.0,0.7619047619047619,0.810126582278481,0.7852760736196319,0.9319526627218936,0.05817696552123086,24.631751731640254,96.0,0.01214543990623986,0,0.24171993688714513,0.09038406146826919,0.810126582278481
8.0,0.927536231884058,0.810126582278481,0.8648648648648648,0.9633027522935781,0.11199822628243018,12.029136228527895,90.0,0.0025679361662311125,2,0.14518200984449797,0.09038406146826919,0.810126582278481
11.0,0.8441558441558441,0.8227848101265823,0.8333333333333334,0.973724884080371,0.15860672023178538,9.171009898006908,94.0,0.049449563251926294,2,0.1823215567939546,0.09038406146826919,0.8227848101265823
9.0,0.6804123711340206,0.8354430379746836,0.75,0.8490566037735848,0.008246398707303922,20.015271632228384,84.0,0.03622930760547073,0,0.2876820724517809,0.09038406146826919,0.8354430379746836
6.0,0.8076923076923077,0.7974683544303798,0.802547770700637,0.9574468085106383,0.19399653142581516,18.485759254830587,92.0,0.029760989636780602,2,0.21996389839683,0.09038406146826919,0.7974683544303798
10.0,0.7752808988764045,0.8734177215189873,0.8214285714285714,0.881118881118881,0.03353819825809414,23.393710993926483,82.0,0.007796661939381817,0,0.19671029424605427,0.09038406146826919,0.8734177215189873
8.0,0.8395061728395061,0.8607594936708861,0.8500000000000001,0.967741935483871,0.3632427610088902,31.092690702122226,88.0,0.026092674977688,2,0.1625189294977748,0.09038406146826919,0.8607594936708861
7.0,0.375,0.8354430379746836,0.5176470588235295,0.5649948822927329,0.06914830725340289,13.6381778180987,76.0,0.00395461436256224,2,0.6584616225720552,0.09038406146826919,0.8354430379746836
8.0,0.8125,0.8227848101265823,0.8176100628930818,0.9170305676855895,0.040912221312421185,29.407104340858528,98.0,0.015947332828194796,0,0.20136975176464905,0.09038406146826919,0.8227848101265823
9.0,0.7777777777777778,0.8860759493670886,0.8284023668639053,0.9319526627218936,0.0525951569612651,21.409388876850702,92.0,0.02258204908013327,2,0.18825629231376917,0.09038406146826919,0.8860759493670886
7.0,0.24206349206349206,0.7721518987341772,0.36858006042296076,0.39969372128637054,0.02685997209272743,15.512682121574455,72.0,0.011249404058497076,0,0.9980973306438062,0.09038406146826919,0.7721518987341772
6.0,0.75,0.8354430379746836,0.7904191616766467,0.8400000000000001,0.07826291939708255,34.471307556656086,86.0,0.010236256687546822,2,0.23519188983038425,0.09038406146826919,0.8354430379746836
10.0,0.9014084507042254,0.810126582278481,0.8533333333333334,0.9828393135725428,0.2503246785101261,16.32195136073508,100.0,0.05440844130890217,2,0.15860503017663852,0.09038406146826919,0.810126582278481
9.0,0.8333333333333334,0.8227848101265823,0.8280254777070064,0.9707241910631741,0.09366068220327425,10.663720227434982,78.0,0.01879072287409568,0,0.18871135489272559,0.09038406146826919,0.8227848101265823
8.0,0.8961038961038961,0.8734177215189873,0.8846153846153846,0.9921259842519685,0.13369130334521487,4.089483128829279,64.0,0.032731571724574075,2,0.12260232209233239,0.09038406146826919,0.8734177215189873
11.0,0.7340425531914894,0.8734177215189873,0.7976878612716763,0.8725761772853186,0.004684688909390937,28.387015417614197,94.0,0.0793859852570491,0,0.2260379093405742,0.09038406146826919,0.8734177215189873
12.0,0.5196850393700787,0.8354430379746836,0.6407766990291262,0.6445497630331753,0.010229639345421081,12.298748709813152,82.0,0.004519911797344608,2,0.44507424620321034,0.09038406146826919,0.8354430379746836
9.0,0.4722222222222222,0.8607594936708861,0.6098654708520179,0.6310904872389792,0.021550666541709205,26.658500639184552,68.0,0.005276066883616929,2,0.49451688572406677,0.09038406146826919,0.8607594936708861
8.0,0.927536231884058,0.810126582278481,0.8648648648648648,0.989010989010989,0.30084511361875876,7.209319753127069,96.0,0.006994868468600619,0,0.14518200984449797,0.09038406146826919,0.810126582278481
6.0,0.13763440860215054,0.810126582278481,0.23529411764705885,0.25826630920464694,0.0013790840730210604,5.777741125827902,80.0,0.04000156633616323,2,1.4469189829363254,0.09038406146826919,0.810126582278481
11.0,0.8390804597701149,0.9240506329113924,0.8795180722891567,0.9633027522935781,0.19818841158593686,17.83070362582297,90.0,0.013921528092825354,0,0.12838116664820673,0.09038406146826919,0.9240506329113924
7.0,0.27099236641221375,0.8987341772151899,0.41642228739002934,0.412769116555308,0.013723460397903973,24.82174197518826,96.0,0.020523770966702475,2,0.876055419682256,0.09038406146826919,0.8987341772151899
10.0,0.9117647058823529,0.7848101265822784,0.8435374149659863,0.958904109589041,0.16592171159717967,14.444400992182906,84.0,0.009215033236414063,2,0.1701510211736995,0.09038406146826919,0.7848101265822784
8.0,0.9076923076923077,0.7468354430379747,0.8194444444444445,0.9237536656891495,0.10483410920146569,22.550788592984993,88.0,0.026852518303274477,0,0.19912867511033575,0.09038406146826919,0.7468354430379747
9.0,0.9864864864864865,0.9240506329113924,0.954248366013072,0.9782608695652174,0.22202976276765923,2.3036420870406307,66.0,0.016748455397739725,1,0.04683129968409897,0.04683129968409897,0.9240506329113924
10.0,0.9154929577464789,0.8227848101265823,0.8666666666666667,1.0,0.21600688617964275,2.6146586543669343,66.0,0.06399917645155337,1,0.1431008436406733,0.04683129968409897,0.8227848101265823
9.0,0.9696969696969697,0.810126582278481,0.8827586206896552,0.9952606635071091,0.27877791077266545,0.5529337876753024,60.0,0.03529608659694387,1,0.12470347850095725,0.04683129968409897,0.810126582278481
10.0,0.9,0.7974683544303798,0.8456375838926175,0.9722222222222222,0.06596185749501218,2.527124537462375,62.0,0.01260357981175452,2,0.16766439899398114,0.04683129968409897,0.7974683544303798
11.0,0.1598173515981735,0.8860759493670886,0.27079303675048355,0.25567928730512246,0.00044058002701052656,4.7245344452820675,56.0,0.04695075704442248,1,1.3064004518991248,0.04683129968409897,0.8860759493670886
10.0,0.8701298701298701,0.8481012658227848,0.8589743589743589,0.958904109589041,0.1209885046390092,7.64128500394744,64.0,0.016848234417279312,1,0.15201620729862575,0.04683129968409897,0.8481012658227848
9.0,0.8902439024390244,0.9240506329113924,0.9068322981366461,0.8923512747875354,0.048550415872489476,9.657541259106544,70.0,0.008461634608218787,0,0.09779774327612638,0.04683129968409897,0.9240506329113924
10.0,0.7931034482758621,0.8734177215189873,0.8313253012048193,0.9431137724550898,0.03007428419124176,1.4523808848638495,70.0,0.0062498198427471275,2,0.18473410319933853,0.04683129968409897,0.8734177215189873
12.0,0.8481012658227848,0.8481012658227848,0.8481012658227848,0.9752321981424148,0.03506597312165514,3.6676180540011405,54.0,0.015331467029537056,0,0.16475523307605547,0.04683129968409897,0.8481012658227848
9.0,0.810126582278481,0.810126582278481,0.810126582278481,0.930576070901034,0.046515343768498786,5.475877313482829,58.0,0.01167086467063487,2,0.21056476910734964,0.04683129968409897,0.810126582278481
11.0,0.437125748502994,0.9240506329113924,0.5934959349593496,0.5687693898655637,0.017853115555400232,8.786609822375155,60.0,0.007741642504733937,2,0.5217249142240263,0.04683129968409897,0.9240506329113924
10.0,0.7951807228915663,0.8354430379746836,0.8148148148148148,0.8786610878661087,0.026082271508910813,10.176955434737309,68.0,0.00404054631664754,0,0.20479441264601328,0.04683129968409897,0.8354430379746836
10.0,0.8375,0.8481012658227848,0.8427672955974843,0.8974358974358974,0.04103604079905936,0.24527201996647463,72.0,0.01021078210032391,2,0.17106440226932013,0.04683129968409897,0.8481012658227848
9.0,0.8289473684210527,0.7974683544303798,0.8129032258064517,0.9176470588235295,0.012547070471456156,0.0073800425428487415,74.0,0.021479582768767276,0,0.20714320996776853,0.04683129968409897,0.7974683544303798
11.0,0.9420289855072463,0.8227848101265823,0.8783783783783783,0.9618320610687023,0.05367702446604425,1.93611221348668,62.0,0.013466890860977016,2,0.12967782330853275,0.04683129968409897,0.8227848101265823
9.0,0.8589743589743589,0.8481012658227848,0.8535031847133757,0.930576070901034,0.07963624963318387,6.442289112448391,70.0,0.018596421551655747,1,0.15840600539739677,0.04683129968409897,0.8481012658227848
10.0,0.8192771084337349,0.8607594936708861,0.8395061728395061,0.9278350515463918,0.06368263051377421,7.908097886026178,66.0,0.02465568337291917,2,0.1749414494963321,0.04683129968409897,0.8607594936708861
9.0,0.7555555555555555,0.8607594936708861,0.8047337278106509,0.8677685950413223,0.01572669564970483,11.151374503291567,50.0,0.014737976433387538,0,0.21724382918702145,0.04683129968409897,0.8607594936708861
10.0,0.4927536231884058,0.8607594936708861,0.6267281105990784,0.5962180200222469,0.03536869059825488,4.666364391429093,46.0,0.003051490988981503,1,0.4672424678044074,0.04683129968409897,0.8607594936708861
12.0,0.6181818181818182,0.8607594936708861,0.7195767195767194,0.7303664921465968,0.00673722586576999,9.319342601463841,56.0,0.006864837654237888,2,0.32909212932359055,0.04683129968409897,0.8607594936708861
11.0,0.8472222222222222,0.7721518987341772,0.8079470198675496,0.9692307692307692,0.08859031576788484,3.304589602540723,64.0,0.0054962526303964235,0,0.2132587920816679,0.04683129968409897,0.7721518987341772
9.0,0.32407407407407407,0.8860759493670886,0.4745762711864407,0.4780739466895959,0.023451038321915533,13.27296838026544,76.0,0.008426224519214202,2,0.7453329337305155,0.04683129968409897,0.8860759493670886
11.0,0.43870967741935485,0.8607594936708861,0.5811965811965812,0.5637727759914255,0.14516639421638683,6.560607375010303,52.0,0.009717311063666374,1,0.5426662296216493,0.04683129968409897,0.8607594936708861
9.0,0.8170731707317073,0.8481012658227848,0.8322981366459627,0.9278350515463918,0.04574236372232687,11.451028072797076,74.0,0.0289105759314363,2,0.18356456503355162,0.04683129968409897,0.8481012658227848
10.0,0.9041095890410958,0.8354430379746836,0.8684210526315789,0.9707241910631741,0.05835796253373885,12.613238479521588,78.0,0.016687191430557195,0,0.14107859825990562,0.04683129968409897,0.8354430379746836
12.0,0.544,0.8607594936708861,0.6666666666666666,0.6850690087829361,0.020444188842820607,9.575739245094361,60.0,0.0110996585701048,1,0.40546510810816444,0.04683129968409897,0.8607594936708861
9.0,0.6804123711340206,0.8354430379746836,0.75,0.8311345646437995,0.008778460518666716,7.402252367729341,70.0,0.022272289321947636,2,0.2876820724517809,0.04683129968409897,0.8354430379746836
10.0,0.7816091954022989,0.8607594936708861,0.8192771084337349,0.9361069836552749,0.030209325583803626,8.634330736304364,72.0,0.012634352639548816,0,0.19933290262049125,0.04683129968409897,0.8607594936708861
8.0,0.7647058823529411,0.8227848101265823,0.7926829268292683,0.9431137724550898,0.1044245285472334,5.412927242367907,66.0,0.006029058383284356,2,0.23233197736861597,0.04683129968409897,0.8227848101265823
9.0,0.6504854368932039,0.8481012658227848,0.7362637362637362,0.7285318559556787,0.07509810357832931,4.264131972840957,68.0,0.003493343322910445,1,0.3061668871258841,0.04683129968409897,0.8481012658227848
11.0,0.7415730337078652,0.8354430379746836,0.7857142857142858,0.9431137724550898,0.05197569349982799,2.4449852990182883,48.0,0.004990302144120487,2,0.24116205681688796,0.04683129968409897,0.8354430379746836
9.0,0.7777777777777778,0.7974683544303798,0.7875,0.9,0.03873492535926779,13.551596745378477,80.0,0.03082179671877259,0,0.23889190828234896,0.04683129968409897,0.7974683544303798
8.0,0.432258064516129,0.8481012658227848,0.5726495726495726,0.5798575788402849,0.011053482993263301,14.391618890817853,62.0,0.01948744058837847,1,0.5574813154067901,0.04683129968409897,0.8481012658227848
10.0,0.8148148148148148,0.8354430379746836,0.825,0.9402985074626865,0.12563265576478325,10.336196486459194,66.0,0.007270523266630849,2,0.19237189264745613,0.04683129968409897,0.8354430379746836
9.0,0.8611111111111112,0.7848101265822784,0.8211920529801324,0.9473684210526316,0.09232115580261056,11.6689533867353,44.0,0.009207442936346665,0,0.1969982712098875,0.04683129968409897,0.7848101265822784
12.0,0.8181818181818182,0.7974683544303798,0.8076923076923078,0.9319526627218936,0.15452659941973235,15.240679100725467,76.0,0.01468244038929465,2,0.2135741002980589,0.04683129968409897,0.7974683544303798
11.0,0.7752808988764045,0.8734177215189873,0.8214285714285714,0.9375,0.36693837297478377,16.838659823799734,58.0,0.004554763332639384,1,0.19671029424605427,0.04683129968409897,0.8734177215189873
10.0,0.9027777777777778,0.8227848101265823,0.8609271523178809,0.9707241910631741,0.23250067707309188,19.161288527113857,64.0,0.023641300086723424,2,0.14974538635934184,0.04683129968409897,0.8227848101265823
8.0,0.8024691358024691,0.8227848101265823,0.8125000000000001,0.8536585365853657,0.018127873309784395,1.7628623039212261,54.0,0.0025642115234541145,0,0.20763936477824438,0.04683129968409897,0.8227848101265823
9.0,0.8205128205128205,0.810126582278481,0.8152866242038216,0.9516616314199395,0.07207425822901747,6.0521348145677925,82.0,0.026937054153232297,1,0.20421554142869097,0.04683129968409897,0.810126582278481
8.0,0.8433734939759037,0.8860759493670886,0.8641975308641975,0.9025787965616046,0.17968991073108873,20.928047271037148,86.0,0.00825811385818169,0,0.14595391262307983,0.04683129968409897,0.8860759493670886
8.0,0.825,0.8354430379746836,0.8301886792452831,0.9170305676855895,0.11951138377047274,20.0116956949563,74.0,0.01085235654375719,0,0.1861022796338606,0.04683129968409897,0.8354430379746836
8.0,0.8421052631578947,0.810126582278481,0.8258064516129032,0.9417040358744395,0.14165890227509703,13.107768513701693,80.0,0.017553383425491797,1,0.19139485299962947,0.04683129968409897,0.810126582278481
7.0,0.8313253012048193,0.8734177215189873,0.8518518518518519,0.9531013615733737,0.332346811230473,16.48944017831805,82.0,0.008655671539075397,0,0.16034265007517937,0.04683129968409897,0.8734177215189873
8.0,0.9342105263157895,0.8987341772151899,0.9161290322580645,0.989010989010989,0.2091200519130261,15.815933895874297,76.0,0.040139499599533786,1,0.08759805931798588,0.04683129968409897,0.8987341772151899
9.0,0.9285714285714286,0.8227848101265823,0.87248322147651,0.9767441860465117,0.23231622774088767,17.929549333279976,72.0,0.04087959666558017,1,0.13641185548987678,0.04683129968409897,0.8227848101265823
7.0,0.9452054794520548,0.8734177215189873,0.9078947368421053,0.9905660377358491,0.20399153118084326,14.682397606376389,78.0,0.03652500093821579,1,0.09662683568907164,0.04683129968409897,0.8734177215189873
6.0,0.9178082191780822,0.8481012658227848,0.881578947368421,0.9905660377358491,0.26695200110237133,19.282758362998223,74.0,0.055388727351508564,1,0.12604072089536505,0.04683129968409897,0.8481012658227848
7.0,0.8904109589041096,0.8227848101265823,0.855263157894737,0.9782608695652174,0.21473412231252847,15.17707210837742,76.0,0.0354780222336547,1,0.15634607039069384,0.04683129968409897,0.8227848101265823
7.0,0.9142857142857143,0.810126582278481,0.8590604026845637,0.9828393135725428,0.30093539724540297,18.347363957898832,84.0,0.04531649899052602,1,0.151916042025842,0.04683129968409897,0.810126582278481
7.0,0.9178082191780822,0.8481012658227848,0.881578947368421,0.9692307692307692,0.36347012747146795,22.59390927689639,78.0,0.04937357521448211,1,0.12604072089536505,0.04683129968409897,0.8481012658227848
7.0,0.9855072463768116,0.8607594936708861,0.918918918918919,0.9828393135725428,0.199814957043374,14.210851928454275,80.0,0.07078433901230616,1,0.084557388028063,0.04683129968409897,0.8607594936708861
6.0,0.9,0.7974683544303798,0.8456375838926175,0.973724884080371,0.2528976000432988,12.222083675052554,86.0,0.09778680996818541,1,0.16766439899398114,0.04683129968409897,0.7974683544303798
8.0,0.8873239436619719,0.7974683544303798,0.8400000000000001,0.9828393135725428,0.16641523484577303,17.090359745180574,80.0,0.06325364717083107,1,0.17435338714477766,0.04683129968409897,0.7974683544303798
7.0,0.9305555555555556,0.8481012658227848,0.8874172185430463,0.9921259842519685,0.31600731123886333,32.46268485317316,72.0,0.10549628038571973,1,0.11944003686401299,0.04683129968409897,0.8481012658227848
7.0,0.9041095890410958,0.8354430379746836,0.8684210526315789,0.958904109589041,0.10427592166321221,23.62374512823955,84.0,0.0741237681891191,1,0.14107859825990562,0.04683129968409897,0.8354430379746836
6.0,0.8666666666666667,0.8227848101265823,0.8441558441558442,0.967741935483871,0.14329775814617085,15.923367039738785,88.0,0.03244965113146358,1,0.16941815195804666,0.04683129968409897,0.8227848101265823
8.0,0.9508196721311475,0.7341772151898734,0.8285714285714285,0.9828393135725428,0.28917042951602423,36.101982895970515,76.0,0.06898121101619901,1,0.18805223150293973,0.04683129968409897,0.7341772151898734
7.0,0.9459459459459459,0.8860759493670886,0.9150326797385621,0.9707241910631741,0.19173633599927445,11.012226191778385,78.0,0.060034131873737316,1,0.0887954987831312,0.04683129968409897,0.8860759493670886
6.0,0.9545454545454546,0.7974683544303798,0.8689655172413794,0.9936908517350158,0.2531788058186076,10.747099706924685,68.0,0.094888084591649,1,0.14045183546909631,0.04683129968409897,0.7974683544303798
6.0,0.8888888888888888,0.810126582278481,0.847682119205298,0.9936908517350158,0.3643754266459642,7.974465701702176,62.0,0.058967807433447095,1,0.16524957289530717,0.04683129968409897,0.810126582278481
5.0,0.8734177215189873,0.8734177215189873,0.8734177215189873,0.9813084112149533,0.17897187655129682,20.33752258818886,66.0,0.12810260561071427,1,0.13534134786976212,0.04683129968409897,0.8734177215189873
7.0,0.9285714285714286,0.8227848101265823,0.87248322147651,0.9545454545454545,0.19870290232569143,12.393324701250213,70.0,0.076345796971409,1,0.13641185548987678,0.04683129968409897,0.8227848101265823
6.0,0.9090909090909091,0.8860759493670886,0.8974358974358974,0.9859154929577464,0.32447874161303086,13.7287482514099,74.0,0.085625372441949,1,0.10821358464023284,0.04683129968409897,0.8860759493670886
5.0,0.9295774647887324,0.8354430379746836,0.88,0.9828393135725428,0.12713301666059088,8.326423467971022,80.0,0.16985000905303885,1,0.12783337150988489,0.04683129968409897,0.8354430379746836
7.0,0.9459459459459459,0.8860759493670886,0.9150326797385621,0.9843749999999999,0.22820027309122587,7.036268760573049,68.0,0.11914366048141416,1,0.0887954987831312,0.04683129968409897,0.8860759493670886
5.0,0.8421052631578947,0.810126582278481,0.8258064516129032,1.0,0.36296237011305577,3.1586942554259774,58.0,0.11233977985024067,1,0.19139485299962947,0.04683129968409897,0.810126582278481
6.0,0.9027777777777778,0.8227848101265823,0.8609271523178809,0.9692307692307692,0.22821915805312895,5.256423922913837,64.0,0.143940031100799,1,0.14974538635934184,0.04683129968409897,0.8227848101265823
7.0,0.9444444444444444,0.8607594936708861,0.9006622516556292,0.9859154929577464,0.290705517746167,7.382484101795847,60.0,0.1224303971337526,1,0.10462495107887226,0.04683129968409897,0.8607594936708861
6.0,0.9420289855072463,0.8227848101265823,0.8783783783783783,0.9874608150470219,0.1589560701511188,4.257399663397818,68.0,0.21012155708157138,1,0.12967782330853275,0.04683129968409897,0.8227848101265823
7.0,0.92,0.8734177215189873,0.896103896103896,0.9984152139461173,0.19922235982615513,1.3991723441980293,72.0,0.24846288334463035,1,0.10969891725642462,0.04683129968409897,0.8734177215189873
7.0,0.28870292887029286,0.8734177215189873,0.43396226415094336,0.47432024169184284,0.0022927950504496933,6.749754436012549,68.0,0.08835143128902175,1,0.8347976976229723,0.04683129968409897,0.8734177215189873
6.0,0.9285714285714286,0.8227848101265823,0.87248322147651,0.9984152139461173,0.2576404879227904,0.1913180163085979,52.0,0.1878250622339409,1,0.13641185548987678,0.04683129968409897,0.8227848101265823
7.0,0.9436619718309859,0.8481012658227848,0.8933333333333333,0.9574468085106383,0.11268492898773348,10.327483507396751,64.0,0.1319852541026938,1,0.1127954941453444,0.04683129968409897,0.8481012658227848
6.0,0.92,0.8734177215189873,0.896103896103896,0.9936908517350158,0.13858516079166233,5.2477140996319775,78.0,0.053964513740368585,1,0.10969891725642462,0.04683129968409897,0.8734177215189873
5.0,0.927536231884058,0.810126582278481,0.8648648648648648,0.973724884080371,0.179267195498912,3.2808745397539116,56.0,0.15688136288932278,1,0.14518200984449797,0.04683129968409897,0.810126582278481
7.0,0.9714285714285714,0.8607594936708861,0.912751677852349,0.9921259842519685,0.3576853940077225,9.096465668217665,72.0,0.06602762135581267,1,0.09129142020940711,0.04683129968409897,0.8607594936708861
7.0,0.14705882352941177,0.8227848101265823,0.2495201535508637,0.30109670987038883,0.0005781472019559137,11.637906564935532,76.0,0.10849783279669949,1,1.3882155912977845,0.04683129968409897,0.8227848101265823
7.0,0.9565217391304348,0.8354430379746836,0.8918918918918919,1.0,0.22914788026899816,0.04593250626421508,60.0,0.04401108704352869,1,0.11441035117774422,0.04683129968409897,0.8354430379746836
5.0,0.9428571428571428,0.8354430379746836,0.8859060402684563,0.9782608695652174,0.08918150383538168,4.167236977803498,70.0,0.05928563622407846,1,0.12114438335908835,0.04683129968409897,0.8354430379746836
8.0,0.9565217391304348,0.8354430379746836,0.8918918918918919,0.9782608695652174,0.28056710097065196,6.901400256068812,66.0,0.07733278975455363,1,0.11441035117774422,0.04683129968409897,0.8354430379746836
6.0,0.9154929577464789,0.8227848101265823,0.8666666666666667,0.9843749999999999,0.16134202288940006,9.03008575748304,62.0,0.0988106335638774,1,0.1431008436406733,0.04683129968409897,0.8227848101265823
8.0,0.9295774647887324,0.8354430379746836,0.88,0.9905660377358491,0.12003282068765765,2.632152834070966,74.0,0.0408837472271029,1,0.12783337150988489,0.04683129968409897,0.8354430379746836
7.0,0.9538461538461539,0.7848101265822784,0.8611111111111112,0.989010989010989,0.3216690201776473,8.267954882308164,58.0,0.0838855837944496,1,0.1495317339709637,0.04683129968409897,0.7848101265822784
8.0,0.8947368421052632,0.8607594936708861,0.8774193548387097,0.9984152139461173,0.20566903089810928,0.9383018714132731,50.0,0.06863691390537585,1,0.13077023118319459,0.04683129968409897,0.8607594936708861
7.0,0.16317016317016317,0.8860759493670886,0.2755905511811024,0.2917082917082917,0.0016380772033391833,6.055838772260031,82.0,0.04961024907627938,1,1.2888390249691775,0.04683129968409897,0.8860759493670886
6.0,0.9428571428571428,0.8354430379746836,0.8859060402684563,0.9859154929577464,0.1542273853659995,11.136622273213629,70.0,0.12134540054339536,1,0.12114438335908835,0.04683129968409897,0.8354430379746836
8.0,0.11072664359861592,0.810126582278481,0.1948249619482496,0.21655551196547668,0.0007570105346021359,12.703869806018355,54.0,0.05274875922297201,1,1.6356537545649934,0.04683129968409897,0.810126582278481
7.0,0.9295774647887324,0.8354430379746836,0.88,0.9984152139461173,0.095742536874584,9.894840244040694,78.0,0.15201962118463364,1,0.12783337150988489,0.04683129968409897,0.8354430379746836
6.0,0.2804878048780488,0.8734177215189873,0.4246153846153847,0.4581497797356828,0.0033675614366795404,5.092600717079231,68.0,0.06176974261955147,1,0.8565714971725327,0.04683129968409897,0.8734177215189873
8.0,0.9027777777777778,0.8227848101265823,0.8609271523178809,1.0,0.25841161378265504,2.2510988529183273,76.0,0.1799597503742433,1,0.14974538635934184,0.04683129968409897,0.8227848101265823
5.0,0.14375,0.8734177215189873,0.24686940966010734,0.24946604015378043,0.0012611665687962176,7.164061003617784,72.0,0.0884486276094625,1,1.3988957879978945,0.04683129968409897,0.8734177215189873
7.0,0.8933333333333333,0.8481012658227848,0.8701298701298702,1.0,0.13631020628269694,3.642199984432332,62.0,0.22428154242045445,1,0.1391128024627177,0.04683129968409897,0.8481012658227848
8.0,0.9027777777777778,0.8227848101265823,0.8609271523178809,0.9813084112149533,0.06472028132640983,14.590374060117187,80.0,0.06974660192157327,1,0.14974538635934184,0.04683129968409897,0.8227848101265823
7.0,0.9,0.9113924050632911,0.9056603773584907,0.973724884080371,0.08206094911388202,6.211700664363039,64.0,0.038849102712895114,1,0.09909090264423076,0.04683129968409897,0.9113924050632911
6.0,0.9864864864864865,0.9240506329113924,0.954248366013072,1.0,0.23509651173413523,10.434938933784565,56.0,0.13728931670593555,1,0.04683129968409897,0.04683129968409897,0.9240506329113924
4.0,0.88,0.8354430379746836,0.8571428571428572,0.9921259842519685,0.11033775589147278,15.607409435493784,38.0,0.1389840678355543,1,0.15415067982725822,0.04683129968409897,0.8354430379746836
4.0,0.9264705882352942,0.7974683544303798,0.8571428571428572,0.9828393135725428,0.23400516881455716,9.500970256594893,48.0,0.3674021978557316,1,0.15415067982725822,0.04683129968409897,0.7974683544303798
6.0,0.9142857142857143,0.810126582278481,0.8590604026845637,1.0,0.3174191094724106,13.366978254716921,44.0,0.26833258226022355,1,0.151916042025842,0.04683129968409897,0.810126582278481
5.0,0.9538461538461539,0.7848101265822784,0.8611111111111112,0.9813084112149533,0.1706941700509596,1.4138672545638453,46.0,0.11110717550929919,1,0.1495317339709637,0.04683129968409897,0.7848101265822784
5.0,0.96,0.9113924050632911,0.935064935064935,0.9859154929577464,0.1879518000136967,17.701496207170017,54.0,0.045421221323241924,1,0.06713930283762856,0.04683129968409897,0.9113924050632911
