max_depth,recall,precision,f1_val,f1_train,eta,max_bin,reg_alpha,colsample_bytree,subsample,gamma,loss
4.0,0.31,0.7848101265822784,0.4444444444444444,0.4904214559386973,0.22342452986814082,100.0,51.70888985805425,0.8,0.03902401053235629,3.3978762891830017,0.8109302162163288
6.0,0.16847826086956522,0.7848101265822784,0.2774049217002237,0.31701631701631705,0.07315543791600813,26.0,30.513055310807836,0.8,0.23398862922468724,24.645270501289897,1.2822770290085321
12.0,0.40789473684210525,0.3924050632911392,0.39999999999999997,0.43606557377049177,0.26932366146262127,94.0,90.79510003513315,0.8,0.0038599189640644454,25.01437643237218,0.9162907318741551
12.0,0.1297709923664122,0.8607594936708861,0.22553897180762852,0.22204014748054077,0.24615912451420247,66.0,83.65926756777542,0.9,0.18907391748966754,14.895143091680456,1.4892623109911334
8.0,0.84,0.5316455696202531,0.6511627906976744,0.708256880733945,0.18045511879474616,36.0,98.45700112395156,0.8,0.008368259011631211,12.342924835668788,0.4289956055183586
6.0,0.33497536945812806,0.8607594936708861,0.48226950354609927,0.42692939244663375,0.18033112633863513,72.0,43.395722485266425,0.8,0.04811514932034167,8.518734542506158,0.7292521852020616
12.0,0.25301204819277107,0.7974683544303798,0.3841463414634146,0.4051204819277109,0.06548966319945002,96.0,94.665285324732,0.8,0.18922479591621638,19.55679262613446,0.9567317014326658
12.0,0.8461538461538461,0.8354430379746836,0.840764331210191,0.8159203980099502,0.048026841415408465,80.0,46.76615688366558,1.0,0.024617661892123253,28.040432204058256,0.17344388276193728
6.0,0.18840579710144928,0.8227848101265823,0.30660377358490565,0.297719087635054,0.2524592955712646,64.0,51.87758589786844,0.8,0.07129136177606964,12.680391224040116,1.1821990047763753
12.0,0.484375,0.7848101265822784,0.5990338164251208,0.6278787878787878,0.03169345928428846,50.0,58.772869204590826,0.8,0.09190266459055989,14.200964631597795,0.5124372276603322
6.0,0.34196891191709844,0.8354430379746836,0.4852941176470589,0.46111619396157355,0.1322696586026005,62.0,99.74980735960905,0.9,0.029186348813483077,11.693484557446222,0.7230001437096264
8.0,0.8148148148148148,0.8354430379746836,0.825,0.8102073365231259,0.15775322934172628,34.0,66.86868945779783,1.0,0.04879715666087722,13.503860623658108,0.19237189264745613
4.0,0.34615384615384615,0.7974683544303798,0.48275862068965525,0.4870067372473532,0.3675014136371122,38.0,95.57389239297457,1.0,0.05481120994044684,26.83035649659075,0.7282385003712153
10.0,0.2669491525423729,0.7974683544303798,0.4,0.3736799350121852,0.20295272120747515,60.0,19.575644249854612,0.8,0.030561288059041618,3.7211329139559544,0.916290731874155
12.0,0.17678100263852242,0.8481012658227848,0.29257641921397376,0.28125,0.19037686386775773,80.0,70.01621590266284,0.8,0.045864111531526634,17.408758660964722,1.2290293841632738
10.0,0.7790697674418605,0.8481012658227848,0.812121212121212,0.7872340425531914,0.019012675946622218,88.0,50.39235296202762,1.0,0.05116569055578999,15.427129786073507,0.20810567394966936
12.0,0.11774461028192372,0.8987341772151899,0.20821114369501467,0.18596612512962324,0.156111754349669,14.0,87.34779909048146,0.9,0.14369817630857953,18.535570716659794,1.5692026002422013
8.0,0.6283185840707964,0.8987341772151899,0.7395833333333333,0.7490729295426454,0.059098331918427255,64.0,34.567291441414454,1.0,0.18901081413602921,5.679284252102703,0.3016683144265209
12.0,0.7671232876712328,0.7088607594936709,0.736842105263158,0.7654723127035831,0.034349944086839106,70.0,67.70023695247636,0.8,0.05038753100599071,16.011269929853878,0.30538164955118174
12.0,0.6746987951807228,0.7088607594936709,0.691358024691358,0.6946454413892909,0.05541017435083764,22.0,79.18702511147366,0.7000000000000001,0.034309708724895006,26.589518020771287,0.3690974639372896
14.0,0.8548387096774194,0.6708860759493671,0.7517730496453902,0.8067226890756302,0.10962015712674396,44.0,66.53106970404052,1.0,0.015098171805934138,21.86169569971962,0.285320796266101
14.0,0.8181818181818182,0.6835443037974683,0.7448275862068965,0.8288590604026844,0.09439406488237367,80.0,11.00494864413816,1.0,0.01719628649332087,29.29204777182667,0.2946025152963548
10.0,0.9056603773584906,0.6075949367088608,0.7272727272727274,0.6730401529636711,0.041227289103789734,12.0,40.49358613724351,0.9,0.008662631375083192,8.425728510347732,0.3184537311185344
8.0,0.8382352941176471,0.7215189873417721,0.7755102040816326,0.8213058419243986,0.0252494941326892,26.0,75.18638566069741,1.0,0.015423126775252918,21.948281791185153,0.25423413838424086
10.0,0.23333333333333334,0.8860759493670886,0.3693931398416887,0.3358208955223881,0.048617277628168795,54.0,61.45564933743876,0.9,0.34735918618127143,0.6344696793233915,0.9958937824731219
8.0,0.6071428571428571,0.6455696202531646,0.6257668711656441,0.6045801526717557,0.3601841107517228,40.0,29.071351832684098,0.7000000000000001,0.0038879117850252596,29.88915587271101,0.4687773875224914
14.0,0.8142857142857143,0.7215189873417721,0.7651006711409395,0.8446601941747574,0.09516609279242948,80.0,44.56697953196128,1.0,0.024317379451573702,8.250226765136789,0.2677478575509638
10.0,0.8068181818181818,0.8987341772151899,0.8502994011976047,0.7794117647058825,0.019379869414365418,30.0,19.084526326431252,1.0,0.1100823792645316,10.72394482043114,0.16216675481549445
10.0,0.6593406593406593,0.759493670886076,0.7058823529411765,0.6370157819225251,0.02207233819824527,50.0,12.721105547614606,0.9,0.10547466802392899,10.343747740429018,0.3483066942682157
14.0,0.8360655737704918,0.6455696202531646,0.7285714285714285,0.7593220338983052,0.02710934672090439,18.0,20.58546082866294,1.0,0.009481284908181604,3.845123970202403,0.31666960932503324
10.0,0.4883720930232558,0.7974683544303798,0.6057692307692307,0.5587301587301587,0.019276403650320493,88.0,17.129089793585823,0.9,0.31802238137295136,0.6631372790047099,0.50125617274984
14.0,0.6938775510204082,0.8607594936708861,0.768361581920904,0.7255689424364122,0.040608936489054295,30.0,28.121425247377655,1.0,0.1085378148182264,21.10908242077496,0.2634948468377771
10.0,0.7887323943661971,0.7088607594936709,0.7466666666666666,0.7015873015873015,0.07731799654490079,46.0,34.571296750169196,0.7000000000000001,0.022141811498828694,7.072108432348349,0.2921364228011613
12.0,0.8225806451612904,0.6455696202531646,0.723404255319149,0.8159722222222222,0.03173843671644122,74.0,22.960749798125047,1.0,0.005472322094608352,25.490696348880284,0.32378707709389715
14.0,0.5765765765765766,0.810126582278481,0.6736842105263158,0.6174863387978142,0.04464800498292342,98.0,48.4331449301548,0.9,0.07623601299721383,9.809968319513432,0.394993808240869
10.0,0.9384615384615385,0.7721518987341772,0.8472222222222223,0.7958833619210979,0.023864795329528104,90.0,57.36830347708377,1.0,0.01090009603690735,5.644016933665121,0.16579225484274396
8.0,0.88,0.5569620253164557,0.6821705426356589,0.66015625,0.02234125704346693,30.0,59.234034951854255,0.9,0.0025651748469812472,6.030841455604237,0.38247558988346564
4.0,0.9508196721311475,0.7341772151898734,0.8285714285714285,0.7993079584775086,0.018538712516834772,92.0,74.57298143158692,1.0,0.011578447399378824,1.78314144783318,0.18805223150293973
6.0,0.7654320987654321,0.7848101265822784,0.7749999999999999,0.7617504051863856,0.0362636756602472,18.0,54.4864094016089,1.0,0.005696087443165933,4.9668326719998275,0.25489224962879015
8.0,0.8571428571428571,0.6075949367088608,0.7111111111111111,0.7272727272727272,0.027421204152582646,58.0,36.11047049274078,0.9,0.002759856009894389,2.182803824097883,0.3409265869705932
10.0,0.6701030927835051,0.8227848101265823,0.7386363636363636,0.6311111111111112,0.022620568082378667,42.0,39.88564252098733,0.9,0.00611311984650579,10.969915973909842,0.30294954458256934
8.0,0.7373737373737373,0.9240506329113924,0.8202247191011236,0.7468879668049793,0.06645951827456,54.0,25.10469337952059,1.0,0.13541633546806933,13.22959548849472,0.1981769285837487
6.0,0.29107981220657275,0.7848101265822784,0.4246575342465753,0.46011754827875734,0.027969846123847068,48.0,82.1050594369108,1.0,0.26572630369141037,6.943182748591639,0.8564722366632449
10.0,0.8787878787878788,0.7341772151898734,0.8,0.6678899082568807,0.0545942957687141,34.0,61.09150919724386,0.9,0.003523448196759403,9.543623175167157,0.2231435513142097
12.0,0.8541666666666666,0.5189873417721519,0.6456692913385826,0.6890130353817505,0.018459910014320815,68.0,14.957239046990985,0.7000000000000001,0.012275927378036502,11.577693857721243,0.43746783919433824
10.0,0.6804123711340206,0.8354430379746836,0.75,0.7740112994350283,0.03684014114642225,76.0,90.5398311964158,1.0,0.07711588050274436,2.7775842424093558,0.2876820724517809
8.0,0.7432432432432432,0.6962025316455697,0.7189542483660132,0.7588532883642496,0.02057448434462241,86.0,54.127009659513405,0.8,0.018774554334418787,14.571290853483532,0.3299575556000191
4.0,0.8205128205128205,0.810126582278481,0.8152866242038216,0.8070739549839229,0.030467661512543227,100.0,41.030740965154386,1.0,0.036440739538003385,16.696059932635368,0.20421554142869097
6.0,0.5284552845528455,0.8227848101265823,0.6435643564356436,0.6522842639593909,0.27848330604537513,24.0,74.0592646177103,1.0,0.06482583308728328,4.697496878103024,0.4407332469456223
10.0,0.26953125,0.8734177215189873,0.41194029850746267,0.3948170731707317,0.13863055504934005,30.0,64.90340143808237,0.9,0.1691483089154118,12.500819862291122,0.8868768466678618
12.0,0.8507462686567164,0.7215189873417721,0.7808219178082193,0.7617391304347827,0.024474450594533192,94.0,45.62683181309277,0.8,0.04057075291027454,6.9608756027833785,0.24740817331384082
12.0,0.8787878787878788,0.7341772151898734,0.8,0.7964912280701754,0.06854702821735734,10.0,31.884679559739627,1.0,0.007350616274855124,18.670908701582356,0.2231435513142097
8.0,0.14168377823408623,0.8734177215189873,0.2438162544169611,0.21974390747624947,0.11764029111692151,18.0,50.96363824832252,0.9,0.2235794520441195,14.144984060923484,1.4113403930459785
12.0,0.7590361445783133,0.7974683544303798,0.7777777777777778,0.8018720748829954,0.05900961517993791,38.0,71.11795516297087,1.0,0.027620353789466052,23.45926043788429,0.25131442828090605
6.0,0.32989690721649484,0.810126582278481,0.4688644688644688,0.4419983065198984,0.04769610554968331,58.0,56.60580270120545,0.8,0.05846640374323199,9.082250188670187,0.7574415312653426
10.0,0.8205128205128205,0.810126582278481,0.8152866242038216,0.782608695652174,0.033182030197831815,64.0,79.21410352189947,0.9,0.012046053033555227,0.08211949718836564,0.20421554142869097
8.0,0.8103448275862069,0.5949367088607594,0.6861313868613138,0.6704545454545454,0.08441176632338343,84.0,37.51154779983652,0.7000000000000001,0.003986139800888503,19.97244007506344,0.37668614355812113
10.0,0.8333333333333334,0.759493670886076,0.7947019867549668,0.833063209076175,0.04098210984660453,14.0,95.23694065739714,1.0,0.02091620180653531,7.712850570617141,0.2297880940328784
12.0,0.6120689655172413,0.8987341772151899,0.7282051282051282,0.6932270916334662,0.020633764860294376,70.0,63.87392698591116,1.0,0.10204026172883648,17.58976382687368,0.3171725009624861
14.0,0.39156626506024095,0.8227848101265823,0.5306122448979592,0.5447236180904523,0.024549173195026593,22.0,85.90423381567545,1.0,0.12508539708707847,16.005577799917354,0.6337237600891445
10.0,0.8309859154929577,0.7468354430379747,0.7866666666666666,0.7657342657342658,0.23583554081279734,34.0,47.90844447335749,0.9,0.00987574806879299,10.716661896040504,0.23995066963059103
6.0,0.11899791231732777,0.7215189873417721,0.2043010752688172,0.19064748201438847,0.3154338469060462,52.0,10.038932379921937,0.8,0.031009505901655566,5.866841628586583,1.5881605139868156
8.0,0.5581395348837209,0.6075949367088608,0.5818181818181818,0.6828571428571428,0.08761299855149259,76.0,69.53886834684141,0.9,0.04341691261286343,1.3540233810561553,0.5415972824327444
12.0,0.84375,0.6835443037974683,0.7552447552447552,0.7486238532110092,0.10370552646712448,46.0,31.80925597547807,1.0,0.004767215052103504,3.64175559847292,0.28071340313568766
10.0,0.9074074074074074,0.620253164556962,0.7368421052631579,0.7177570093457945,0.02959110766231227,28.0,26.104210242348202,1.0,0.007222247333057955,4.773452201155694,0.3053816495511819
14.0,0.8243243243243243,0.7721518987341772,0.7973856209150328,0.8026981450252951,0.038201360708638624,92.0,42.71609792859613,1.0,0.01553646584384266,28.683174904675834,0.2264168766591787
12.0,0.8923076923076924,0.7341772151898734,0.8055555555555556,0.7554806070826307,0.04755315090851502,82.0,19.851007972536372,1.0,0.014089018514699724,22.940445185597227,0.21622310846963594
12.0,0.8666666666666667,0.8227848101265823,0.8441558441558442,0.8038585209003215,0.0338408174835641,98.0,56.97528173650173,1.0,0.028087318322418238,11.89208241969023,0.16941815195804666
12.0,0.6842105263157895,0.8227848101265823,0.7471264367816093,0.776978417266187,0.052576793728580436,98.0,56.749799081705504,1.0,0.08831265317097996,11.732719198167453,0.2915208487589465
10.0,0.9344262295081968,0.7215189873417721,0.8142857142857143,0.8313856427378965,0.020448785861253763,90.0,51.932091334191824,1.0,0.02605880775639561,15.192756627076104,0.20544397421480884
14.0,0.8481012658227848,0.8481012658227848,0.8481012658227848,0.8064000000000001,0.024761982590715114,96.0,62.180433328555175,1.0,0.03289860867897413,13.335437840182994,0.16475523307605547
14.0,0.7682926829268293,0.7974683544303798,0.782608695652174,0.8140243902439025,0.02356255403370431,78.0,62.57845144272258,1.0,0.06216769179993825,13.267655330364656,0.24512245803298496
14.0,0.5,0.9113924050632911,0.6457399103139013,0.5846501128668171,0.043678163423524444,94.0,71.67730202401171,1.0,0.16429695930693808,8.625806997642202,0.4373584718841182
4.0,0.8571428571428571,0.6835443037974683,0.7605633802816901,0.7508771929824563,0.028379292502039112,72.0,79.59005106425361,0.9,0.018041256298429488,10.121054901554318,0.27369583047704105
8.0,0.8333333333333334,0.8860759493670886,0.8588957055214723,0.8025078369905956,0.025767640668371176,84.0,76.55549733319305,1.0,0.03281708990896641,7.690989097572595,0.15210777819745813
4.0,0.7741935483870968,0.9113924050632911,0.8372093023255814,0.771513353115727,0.02617708136152763,60.0,88.91890177410617,1.0,0.050111182963890916,7.7096545914861405,0.17768117723745236
6.0,0.7976190476190477,0.8481012658227848,0.8220858895705523,0.813614262560778,0.07596947605651388,84.0,76.759013325068,1.0,0.03474292795314885,16.95137727754829,0.1959104008558508
8.0,0.4642857142857143,0.8227848101265823,0.593607305936073,0.5516458569807037,0.018549361716981492,68.0,82.93918606809956,0.9,0.08577228883122802,13.890308442578778,0.5215372793609184
6.0,0.22916666666666666,0.8354430379746836,0.35967302452316074,0.36182902584493043,0.021176530734987254,96.0,60.754544820446135,1.0,0.22722372849200584,20.182793814320387,1.0225599254681994
6.0,0.37777777777777777,0.8607594936708861,0.525096525096525,0.5329512893982807,0.025987832682292576,86.0,67.78553709247608,1.0,0.2759596313361798,18.608161470896636,0.6441731759634859
8.0,0.8305084745762712,0.620253164556962,0.7101449275362318,0.77834179357022,0.031101183908177,42.0,93.11550856110173,0.9,0.022794554425590155,11.052313505032862,0.3422862064866329
8.0,0.8181818181818182,0.7974683544303798,0.8076923076923078,0.7980922098569158,0.20880925219044905,100.0,65.54410731865254,1.0,0.031705026461943495,12.724873426550774,0.2135741002980589
4.0,0.45588235294117646,0.7848101265822784,0.5767441860465117,0.5588865096359744,0.06220925825815323,56.0,86.67957112287854,0.9,0.07198754795653851,15.825669593256588,0.5503564625226258
8.0,0.6,0.8734177215189873,0.7113402061855671,0.6848249027237353,0.03863094351610998,62.0,97.64850411217596,1.0,0.12611942357977454,14.811053245481018,0.34060447390612325
6.0,0.875,0.7974683544303798,0.8344370860927153,0.7791798107255521,0.16090619593406558,66.0,73.59331845646734,1.0,0.03889891283869689,9.244965461243652,0.1809979298634463
14.0,0.8428571428571429,0.7468354430379747,0.7919463087248322,0.7844408427876823,0.019261137931493314,38.0,77.27580986888063,0.9,0.044006917325857,6.556548557731356,0.23326168147979442
8.0,0.6634615384615384,0.8734177215189873,0.7540983606557375,0.7002881844380403,0.035331673447184145,74.0,99.5563034782667,0.8,0.05481427941370907,17.738460418975382,0.28223246768421645
8.0,0.7625,0.7721518987341772,0.7672955974842767,0.7380191693290735,0.03254497965122739,50.0,81.73341813044745,0.7000000000000001,0.02031959620581052,2.8004522434389774,0.26488315748697505
10.0,0.35195530726256985,0.7974683544303798,0.48837209302325585,0.514946962391514,0.022384137550292026,88.0,84.6776632860877,1.0,0.15491480936264715,7.827806585920147,0.7166776779701394
6.0,0.8873239436619719,0.7974683544303798,0.8400000000000001,0.8245315161839865,0.02909372913592688,20.0,68.08826272759867,1.0,0.013797322824165953,4.230185977142579,0.17435338714477766
8.0,0.25316455696202533,0.759493670886076,0.379746835443038,0.40898876404494383,0.044385055228353176,34.0,53.21800556117567,0.9,0.1968777854924764,10.216826817551876,0.968250470804866
10.0,0.4251497005988024,0.8987341772151899,0.5772357723577236,0.6318956870611835,0.05252020945500152,78.0,49.622455033457044,1.0,0.3488849992688555,21.078558501585057,0.549504478331102
14.0,0.6813186813186813,0.7848101265822784,0.7294117647058823,0.7427785419532325,0.019755243393633215,82.0,91.67765883964262,1.0,0.11362794330685776,12.601413709390618,0.31551687144522494
4.0,0.5765765765765766,0.810126582278481,0.6736842105263158,0.6176470588235293,0.023624808074877556,96.0,72.3682958279946,0.7000000000000001,0.06536070277113194,8.909270183250017,0.394993808240869
8.0,0.49606299212598426,0.7974683544303798,0.6116504854368933,0.6031363088057901,0.07086469043865341,32.0,58.80876148750535,0.9,0.03808001106275359,6.28845192988063,0.491594261838103
12.0,0.6605504587155964,0.9113924050632911,0.7659574468085106,0.7602339181286548,0.12991526728062197,90.0,76.63856485161358,1.0,0.0784881964921334,16.598237370684195,0.2666286632539486
10.0,0.3224043715846995,0.7468354430379747,0.45038167938931295,0.4707996406109614,0.02642664204575609,12.0,13.559053227223384,0.8,0.09587466761906771,11.214612060851186,0.7976598792954321
14.0,0.810126582278481,0.810126582278481,0.810126582278481,0.7974683544303798,0.0385656867405119,26.0,46.541510873643574,1.0,0.025381499257056222,19.034632586459132,0.21056476910734964
6.0,0.8076923076923077,0.7974683544303798,0.802547770700637,0.7774193548387096,0.058938310699737734,16.0,69.56031007667961,0.9,0.008340263577905906,5.256303602050641,0.21996389839683
8.0,0.8666666666666667,0.8227848101265823,0.8441558441558442,0.8034482758620689,0.02173040613749384,52.0,43.91765186148824,1.0,0.016713532691093533,9.71695995021701,0.16941815195804666
10.0,0.9482758620689655,0.6962025316455697,0.8029197080291972,0.8211920529801324,0.050401408047730696,44.0,17.037635437931147,1.0,0.03254033335767893,2.7632104209130848,0.21950056003570853
6.0,0.23465703971119134,0.8227848101265823,0.3651685393258427,0.37087912087912084,0.042439073837749974,66.0,38.34592796459436,0.9,0.30582865966889167,8.186537227907515,1.007396280396448
10.0,0.7625,0.7721518987341772,0.7672955974842767,0.8066465256797583,0.09199433913779535,92.0,63.45377187910503,1.0,0.04812993368316823,13.688007070176177,0.26488315748697505
12.0,0.3387096774193548,0.7974683544303798,0.47547169811320755,0.5018450184501845,0.018365063366304505,40.0,33.4206331281655,1.0,0.2079034150487576,7.252897634462756,0.7434479190347442
14.0,0.7532467532467533,0.7341772151898734,0.7435897435897437,0.7228525121555915,0.034147717575404905,70.0,22.424967098819664,0.9,0.013067552760368315,25.518722325824918,0.2962658161431722
4.0,0.42142857142857143,0.7468354430379747,0.5388127853881278,0.6018735362997658,0.046399167098849656,24.0,88.62387866737112,1.0,0.11573222302977669,15.266806626143723,0.6183871053508361
12.0,0.1912568306010929,0.8860759493670886,0.3146067415730337,0.2915742793791575,0.08011422983885715,48.0,29.643377572248042,0.7000000000000001,0.1452360927410024,0.9923770223276005,1.1564318595569358
8.0,0.36585365853658536,0.759493670886076,0.4938271604938272,0.5298142717497557,0.030973628969091106,86.0,27.407112766732602,0.8,0.2512313501073056,0.10469660333509179,0.7055697005585024
6.0,0.8,0.759493670886076,0.7792207792207794,0.8177496038034865,0.02786270953578438,100.0,81.04887048327438,1.0,0.055725732021546105,14.355277838693633,0.249460859631583
10.0,0.8732394366197183,0.7848101265822784,0.8266666666666665,0.8106312292358804,0.17134406347779488,62.0,65.96793116192886,1.0,0.010596241420808037,18.102644961366323,0.19035372849121904
8.0,0.46153846153846156,0.8354430379746836,0.5945945945945945,0.6117084826762247,0.01995456488708488,82.0,42.21450144070555,0.9,0.17299221634053877,13.117909927292086,0.5198754592859087
12.0,0.9402985074626866,0.7974683544303798,0.8630136986301371,0.8252911813643927,0.025188536279378445,78.0,59.59658880929027,1.0,0.022544556926850045,10.421769241070114,0.1473247147568583
12.0,0.8461538461538461,0.6962025316455697,0.763888888888889,0.7906137184115524,0.03628381522380743,76.0,49.879307933867025,1.0,0.0088833321934447,3.37875383727083,0.2693329337835843
10.0,0.8405797101449275,0.7341772151898734,0.7837837837837838,0.7733333333333334,0.05629168260577749,56.0,97.24378023435362,0.9,0.022945319394872966,12.196018082325018,0.24362208265775043
12.0,0.61,0.7721518987341772,0.6815642458100559,0.663768115942029,0.33002559018355127,72.0,60.06238055217892,1.0,0.006506471050708904,4.2361133663185075,0.38336476110749834
12.0,0.8450704225352113,0.759493670886076,0.8,0.7504244482173174,0.06361244706845555,74.0,55.66086863657276,0.8,0.003173719052057351,10.848099551099331,0.2231435513142097
10.0,0.8666666666666667,0.6582278481012658,0.7482014388489209,0.7163120567375887,0.11025389442296064,68.0,84.71351326707503,1.0,0.004827029332204657,5.7446104889003164,0.29008303398931906
12.0,0.8026315789473685,0.7721518987341772,0.7870967741935484,0.7416413373860182,0.02295661416734042,60.0,52.73376650687094,0.9,0.019971979921254938,9.647888103998081,0.23940407218599005
10.0,0.7671232876712328,0.7088607594936709,0.736842105263158,0.8306709265175719,0.03969094986628772,78.0,36.17711154592146,1.0,0.028316384868961927,8.394265635781519,0.30538164955118174
10.0,0.9264705882352942,0.7974683544303798,0.8571428571428572,0.7872696817420435,0.02519248733857215,84.0,45.43176270816505,1.0,0.0170641065191196,6.580992415088204,0.15415067982725822
10.0,0.8533333333333334,0.810126582278481,0.8311688311688312,0.8166089965397924,0.029903787339030447,84.0,45.57426014575272,1.0,0.016243248585922746,1.8270069980987556,0.18492233849401193
12.0,0.3,0.7215189873417721,0.4237918215613383,0.39396628216504,0.26048443749374944,92.0,39.116344846135746,0.9,0.018149527447661126,3.011042818622947,0.8585129312073436
12.0,0.9090909090909091,0.759493670886076,0.8275862068965516,0.8116438356164384,0.032422407692027866,72.0,48.87240739554368,1.0,0.015005696485862169,5.3993502943861245,0.18924199963852856
10.0,0.9482758620689655,0.6962025316455697,0.8029197080291972,0.7644927536231885,0.025805886563469542,80.0,41.37234967771145,1.0,0.007889665028655447,6.621589415632352,0.21950056003570853
8.0,0.8378378378378378,0.7848101265822784,0.8104575163398693,0.7876712328767124,0.07467890603984965,64.0,53.95154237601708,1.0,0.009952988692036969,7.536904904220793,0.21015635578739858
14.0,0.7662337662337663,0.7468354430379747,0.7564102564102563,0.741405082212257,0.021810528400240413,88.0,75.78643227947015,0.9,0.042346304141410364,2.105455694619307,0.2791713827838725
10.0,0.8378378378378378,0.7848101265822784,0.8104575163398693,0.7294938917975566,0.04977407521961407,90.0,58.571566707061265,1.0,0.011516933357494426,4.143078870176302,0.21015635578739858
8.0,0.8888888888888888,0.7088607594936709,0.7887323943661971,0.802065404475043,0.027423462561771417,94.0,78.90197177413802,0.9,0.005093264913269701,0.08568414282652093,0.23732818630616626
10.0,0.8333333333333334,0.569620253164557,0.6766917293233082,0.7103825136612022,0.1352600005420377,84.0,47.39745650296009,0.7000000000000001,0.006978483291414398,9.20382906671457,0.39053945789148875
12.0,0.7702702702702703,0.7215189873417721,0.7450980392156862,0.7761194029850748,0.04564904970989628,80.0,64.73196019329222,1.0,0.004108412892064563,10.542571467919236,0.2942394729979401
14.0,0.855072463768116,0.7468354430379747,0.7972972972972974,0.8149405772495755,0.036064325193443936,76.0,73.32070417458887,1.0,0.023743979232713708,4.76653981720516,0.2265276492984502
8.0,0.8714285714285714,0.7721518987341772,0.8187919463087248,0.8019639934533551,0.02482614858149755,98.0,67.54463702201272,0.8,0.013132783929725887,1.2316108780585466,0.19992526121220267
12.0,0.8028169014084507,0.7215189873417721,0.76,0.7509025270758123,0.04199556056583619,70.0,71.45271760689009,1.0,0.0058512875057042234,11.611365041721603,0.2744368457017603
10.0,0.7534246575342466,0.6962025316455697,0.7236842105263158,0.7087378640776698,0.12357953024008844,86.0,51.247663727860235,0.9,0.019336984425433957,6.138259666409014,0.3234001550538601
10.0,0.8243243243243243,0.7721518987341772,0.7973856209150328,0.7770270270270271,0.09667410715239468,58.0,35.97646322106952,1.0,0.03596214139554268,16.440834744503928,0.2264168766591787
8.0,0.7272727272727273,0.810126582278481,0.7664670658682634,0.7735849056603774,0.1931654826855291,78.0,69.7047495080807,1.0,0.025975467252811045,6.926253043516511,0.26596354849713805
12.0,0.7619047619047619,0.810126582278481,0.7852760736196319,0.7361963190184048,0.06677960932439643,88.0,61.69520081561239,0.8,0.02143415713585908,8.085653298384814,0.24171993688714513
14.0,0.9032258064516129,0.7088607594936709,0.7943262411347518,0.7101449275362318,0.018476716947782256,66.0,32.12286524560087,0.9,0.029824866493102408,8.63952493657829,0.2302610190830737
8.0,0.6571428571428571,0.8734177215189873,0.7499999999999999,0.7658959537572254,0.02121313094739586,82.0,54.991076305193296,1.0,0.06557767210365532,12.355254364829513,0.28768207245178107
10.0,0.8292682926829268,0.8607594936708861,0.8447204968944099,0.7981651376146789,0.02923896122230145,62.0,90.50928846774828,1.0,0.04946942296503196,3.5657026266334135,0.16874947924841108
6.0,0.927536231884058,0.810126582278481,0.8648648648648648,0.8109854604200323,0.034102602046827656,74.0,58.75967458796646,1.0,0.04068343254455882,2.4888966026039476,0.14518200984449797
4.0,0.5957446808510638,0.7088607594936709,0.6473988439306358,0.6575716234652114,0.033465608693743085,74.0,58.57594830587786,0.9,0.09053494877535237,0.7919648552698177,0.4347927232026844
6.0,0.5163934426229508,0.7974683544303798,0.6268656716417911,0.6482412060301507,0.05487050897472526,54.0,78.8492826748492,0.7000000000000001,0.07279642492171198,2.4354238150225624,0.4670230011075977
4.0,0.42953020134228187,0.810126582278481,0.5614035087719298,0.5129740518962076,0.051655718887119416,60.0,92.95125908361305,0.9,0.06017299899016381,27.384318220553887,0.5773153650348236
6.0,0.8095238095238095,0.8607594936708861,0.834355828220859,0.8096000000000001,0.06188328877669555,68.0,74.64941970547527,1.0,0.04641924757510869,10.03095275965434,0.18109531507071025
4.0,0.8513513513513513,0.7974683544303798,0.8235294117647058,0.8144499178981938,0.0235109924183337,82.0,44.01913695323668,1.0,0.017091733098565848,4.842374516871931,0.1941560144409575
6.0,0.8732394366197183,0.7848101265822784,0.8266666666666665,0.8264462809917354,0.027277893631941157,78.0,56.89702460526316,1.0,0.037519243417185766,7.189196511956088,0.19035372849121904
6.0,0.7901234567901234,0.810126582278481,0.8,0.8138801261829652,0.03058935130568856,94.0,62.616559393904936,1.0,0.04211572319526329,4.329607572442841,0.2231435513142097
6.0,0.8051948051948052,0.7848101265822784,0.7948717948717949,0.8084464555052789,0.03845259831285235,86.0,51.837263973557945,1.0,0.08183419273222993,1.7351777411461526,0.2295744416445001
4.0,0.868421052631579,0.8354430379746836,0.8516129032258065,0.7789799072642969,0.019635563188841184,74.0,45.42539126028885,1.0,0.05328265247124979,5.576292356247522,0.1606231943328757
6.0,0.8493150684931506,0.7848101265822784,0.8157894736842105,0.8199356913183279,0.024519864207747058,90.0,40.1291879139474,1.0,0.02629908125186897,3.662349366235609,0.20359895524123955
8.0,0.775,0.7848101265822784,0.7798742138364779,0.8224,0.035412166202447685,80.0,24.164460893325085,1.0,0.03401731729790694,6.263113902079354,0.24862263661519474
8.0,0.8421052631578947,0.810126582278481,0.8258064516129032,0.8203389830508475,0.020699376685477597,76.0,48.04182771478515,1.0,0.014207042893431159,9.010608054250984,0.19139485299962947
4.0,0.8831168831168831,0.8607594936708861,0.8717948717948718,0.7949125596184421,0.02617502527584911,96.0,67.12673891574646,1.0,0.030212206069488847,11.436045057914548,0.137201121513485
4.0,0.8421052631578947,0.810126582278481,0.8258064516129032,0.8090614886731392,0.04261423325935391,96.0,66.4142097457911,1.0,0.028546151184256137,11.409237926504918,0.19139485299962947
4.0,0.8181818181818182,0.7974683544303798,0.8076923076923078,0.8089171974522293,0.032610024734962134,100.0,68.93939301705402,1.0,0.02269245677287801,15.681084981868695,0.2135741002980589
4.0,0.8148148148148148,0.8354430379746836,0.825,0.8081123244929798,0.022707788271732813,98.0,63.703776915358034,1.0,0.031024331665264755,14.270057620996361,0.19237189264745613
6.0,0.6956521739130435,0.810126582278481,0.7485380116959065,0.7690100430416068,0.028885634136475196,92.0,81.01727920560329,1.0,0.06783540268551788,12.827696908455238,0.2896332925830426
4.0,0.7555555555555555,0.8607594936708861,0.8047337278106509,0.7891566265060241,0.02643908996112627,64.0,83.83110777197463,1.0,0.03968923221839402,7.724513205939055,0.21724382918702145
6.0,0.7901234567901234,0.810126582278481,0.8,0.7999999999999999,0.03697877840127463,70.0,70.97789244297455,1.0,0.056875514399773335,14.892333202989308,0.2231435513142097
4.0,0.8026315789473685,0.7721518987341772,0.7870967741935484,0.7845117845117845,0.040115271695834974,86.0,76.97721925359309,1.0,0.01225655322709645,13.730195841724028,0.23940407218599005
6.0,0.8214285714285714,0.8734177215189873,0.8466257668711655,0.7961783439490445,0.01834109933299279,72.0,60.4861553112804,1.0,0.04538457344015667,11.946866529770304,0.16649651564955778
4.0,0.32211538461538464,0.8481012658227848,0.46689895470383275,0.4561702127659575,0.04776219286553267,90.0,86.06686044642413,1.0,0.10201129351765584,10.372395203663075,0.7616424158087097
6.0,0.8783783783783784,0.8227848101265823,0.8496732026143792,0.8125,0.03158258187491397,94.0,65.17770861855712,1.0,0.02519953522461373,19.4963964894406,0.16290347093685292
4.0,0.8769230769230769,0.7215189873417721,0.7916666666666667,0.8107202680067002,0.14492761305178312,88.0,55.58048906080808,1.0,0.020216332069960936,17.283361124012288,0.23361485118150507
6.0,0.7303370786516854,0.8227848101265823,0.7738095238095237,0.7823439878234398,0.05829989293526654,82.0,73.02582542909498,1.0,0.03454631837159897,10.984280690093474,0.2564295289476766
4.0,0.828125,0.6708860759493671,0.7412587412587414,0.7491039426523297,0.07152284328209632,68.0,87.90410046918535,0.9,0.015219765150391454,9.74545592602702,0.29940553614784
6.0,0.8227848101265823,0.8227848101265823,0.8227848101265823,0.819620253164557,0.034091454484413,72.0,58.77903549810118,1.0,0.05035299474469781,8.7256830631704,0.1950605825713843
6.0,0.7763157894736842,0.7468354430379747,0.7612903225806452,0.7592891760904685,0.04458175259330144,80.0,68.47357515943357,1.0,0.0091112959829276,23.730952447523933,0.2727404924535818
4.0,0.796875,0.6455696202531646,0.7132867132867134,0.7433333333333334,0.021589360061926927,96.0,67.08739619711797,0.9,0.02962519870180514,16.209685946476945,0.33787181697563595
8.0,0.9117647058823529,0.7848101265822784,0.8435374149659863,0.8074324324324325,0.019344593464994016,66.0,74.31212310582973,1.0,0.010245807260798207,5.220495467447691,0.1701510211736995
4.0,0.88,0.8354430379746836,0.8571428571428572,0.814569536423841,0.027969510473900838,84.0,61.59751024933327,1.0,0.01852994493608324,20.713980928546803,0.15415067982725822
6.0,0.8533333333333334,0.810126582278481,0.8311688311688312,0.8303715670436187,0.023386392053934234,52.0,78.18179542301935,1.0,0.05983842896799432,3.2237554665027677,0.18492233849401193
8.0,0.4342105263157895,0.8354430379746836,0.5714285714285715,0.5527192008879023,0.08456867314395171,58.0,71.18399177112369,0.9,0.021697412097771058,8.121159141820367,0.5596157879354225
4.0,0.43137254901960786,0.8354430379746836,0.5689655172413793,0.5629791894852135,0.02606456785222206,76.0,82.98757637442367,1.0,0.07594059062537849,0.08075669747081182,0.5639354490799391
8.0,0.84,0.7974683544303798,0.8181818181818181,0.8233387358184766,0.030201264784700258,92.0,95.37487629293621,1.0,0.03930370719923998,7.201893985872197,0.20067069546215124
6.0,0.8831168831168831,0.8607594936708861,0.8717948717948718,0.7796610169491525,0.04108284656350537,100.0,80.3423005243026,1.0,0.011376400044535717,13.14357021610872,0.137201121513485
4.0,0.8169014084507042,0.7341772151898734,0.7733333333333333,0.7689655172413794,0.04937759549301325,100.0,53.288653084023,0.9,0.007781176500721335,22.10571045496221,0.25704510298989114
4.0,0.8615384615384616,0.7088607594936709,0.7777777777777778,0.8197278911564626,0.040772520188686746,98.0,81.58236942838411,1.0,0.011018488513714121,18.054254497094725,0.25131442828090605
6.0,0.821917808219178,0.759493670886076,0.7894736842105263,0.788961038961039,0.05499120536889988,48.0,90.3584608936689,1.0,0.006984639645138739,14.711358137032644,0.2363887780642304
4.0,0.8378378378378378,0.7848101265822784,0.8104575163398693,0.7589424572317263,0.037934063418427026,94.0,63.98928221443764,0.8,0.00442976372286117,19.102823373589473,0.21015635578739858
6.0,0.8333333333333334,0.569620253164557,0.6766917293233082,0.7355072463768116,0.10172746342858739,88.0,57.75321578299584,0.7000000000000001,0.0034008798245966153,22.043521184815894,0.39053945789148875
4.0,0.7575757575757576,0.6329113924050633,0.6896551724137931,0.698961937716263,0.08019731290811316,100.0,49.71039882032926,0.9,0.01329463866580311,17.26494817661817,0.37156355643248296
6.0,0.7714285714285715,0.6835443037974683,0.7248322147651006,0.7330173775671407,0.04611911927676238,96.0,79.97151712804698,1.0,0.002581049056886129,13.529787004313219,0.3218150788212395
4.0,0.8529411764705882,0.7341772151898734,0.7891156462585034,0.8273615635179152,0.06382298028373408,56.0,99.32096980626648,1.0,0.015597169640881888,15.363657695027069,0.23684239567237167
6.0,0.8787878787878788,0.7341772151898734,0.8,0.8061224489795917,0.03512122719690896,78.0,75.02068451754118,1.0,0.008542788456371167,20.07506043087703,0.2231435513142097
4.0,0.8285714285714286,0.7341772151898734,0.778523489932886,0.7508896797153024,0.03169761130205273,92.0,85.1048535746956,1.0,0.006312016422615742,12.482909141097032,0.25035611483909437
6.0,0.6739130434782609,0.7848101265822784,0.7251461988304092,0.6735905044510386,0.06067579335006496,62.0,60.44983119292997,0.9,0.005185775413392258,24.387929208475704,0.3213819908976232
4.0,0.8378378378378378,0.7848101265822784,0.8104575163398693,0.7541528239202657,0.04277273750204073,98.0,70.28873266599075,1.0,0.009401084169153041,13.059768008980962,0.21015635578739858
6.0,0.8142857142857143,0.7215189873417721,0.7651006711409395,0.7892074198988195,0.029311453333556052,74.0,54.62829359834889,1.0,0.011806987828855846,18.28720652741453,0.2677478575509638
4.0,0.7941176470588235,0.6835443037974683,0.7346938775510204,0.7900826446280992,0.08847081401480389,90.0,66.60008381729251,0.9,0.02450710184392359,16.756918430581873,0.30830135965451655
14.0,0.4896551724137931,0.8987341772151899,0.6339285714285714,0.743002544529262,0.06776003202749552,86.0,51.3059583578809,1.0,0.12592597834125127,14.161931904192878,0.4558189942537792
6.0,0.8059701492537313,0.6835443037974683,0.7397260273972602,0.8192371475953566,0.02041036549669379,82.0,93.65092828198405,1.0,0.014450925534519125,11.945769543746616,0.3014753945841168
4.0,0.8076923076923077,0.7974683544303798,0.802547770700637,0.8006230529595015,0.03631710400286734,44.0,63.221548615606224,1.0,0.01794225702564849,29.99740496388981,0.21996389839683
8.0,0.6276595744680851,0.7468354430379747,0.6820809248554913,0.6778711484593837,0.05039527834228119,88.0,56.310044221410394,0.9,0.04472598168165452,11.282206047824559,0.3826069700321142
4.0,0.7209302325581395,0.7848101265822784,0.7515151515151515,0.74,0.022133036176339427,80.0,88.85725130925763,0.8,0.02742906961180262,15.968613752942442,0.28566390829554383
6.0,0.8840579710144928,0.7721518987341772,0.8243243243243245,0.8305647840531561,0.04002647355413969,70.0,72.87172850842933,1.0,0.019694885565550234,10.664751100755721,0.19319122903085834
4.0,0.8933333333333333,0.8481012658227848,0.8701298701298702,0.8092868988391376,0.024384483992151696,60.0,47.234903648656896,1.0,0.023224886387152695,22.750475132574678,0.1391128024627177
4.0,0.7837837837837838,0.7341772151898734,0.7581699346405228,0.8096000000000001,0.053271122854809144,54.0,33.72360524728791,1.0,0.012693216335440884,28.741946275119453,0.27684773028607085
4.0,0.6595744680851063,0.7848101265822784,0.7167630057803469,0.6721763085399449,0.033779349230396334,38.0,36.282360983632685,0.9,0.030715959270295145,23.216426697813294,0.33301002889274195
4.0,0.6666666666666666,0.8607594936708861,0.7513812154696132,0.7633136094674555,0.11335412489586078,42.0,41.65137466661123,1.0,0.036137608221362874,26.32939069817602,0.2858421455297738
4.0,0.44285714285714284,0.7848101265822784,0.5662100456621004,0.5939933259176863,0.026861132396678294,50.0,38.63440665153829,1.0,0.09608917530651084,25.17697175999832,0.568790164211464
4.0,0.8870967741935484,0.6962025316455697,0.7801418439716311,0.7773851590106008,0.024503662776846267,60.0,43.20704108789239,1.0,0.007870156423352604,21.32805150649015,0.24827952458575217
6.0,0.8103448275862069,0.5949367088607594,0.6861313868613138,0.6850828729281768,0.05767743921783627,52.0,27.96831734502275,0.9,0.01609621257214642,27.69236923787087,0.37668614355812113
4.0,0.90625,0.7341772151898734,0.8111888111888113,0.7728085867620752,0.01859120615851016,46.0,47.41212094978737,1.0,0.010297962663781593,22.670292746214855,0.20925443915354255
4.0,0.3626373626373626,0.8354430379746836,0.5057471264367817,0.4946653734238603,0.07375525309051938,64.0,96.42261525858765,0.7000000000000001,0.06865216259313753,29.4177269378116,0.6817184847363225
6.0,0.6739130434782609,0.7848101265822784,0.7251461988304092,0.7699115044247787,0.044622277121888945,58.0,50.19879758301169,1.0,0.052728603310433504,26.403783402758343,0.3213819908976232
4.0,0.8676470588235294,0.7468354430379747,0.8027210884353742,0.7530647985989493,0.02850572924358183,40.0,77.97935594210081,1.0,0.0054787648570701385,24.313126403674126,0.21974796231307153
6.0,0.42857142857142855,0.8354430379746836,0.5665236051502145,0.5560538116591928,0.03804817554511837,46.0,52.220917685291454,0.8,0.08626161252661169,25.675433564028797,0.5682365309793299
4.0,0.9285714285714286,0.4936708860759494,0.6446280991735538,0.6202783300198808,0.21573199492713982,68.0,31.842273381230314,0.9,0.003058872426012864,28.49155730107023,0.43908171890714925
6.0,0.7875,0.7974683544303798,0.7924528301886793,0.8025078369905956,0.03254106219761017,50.0,65.75349630428974,1.0,0.02419170551575325,20.172083291698254,0.23262229526875347
4.0,0.875,0.7974683544303798,0.8344370860927153,0.8155339805825242,0.02329910032126845,56.0,46.18194270459146,1.0,0.021027411656243084,20.7374634145189,0.1809979298634463
6.0,0.7948717948717948,0.7848101265822784,0.7898089171974522,0.8181818181818181,0.04780655578922107,32.0,68.36069509707698,1.0,0.03360686402164243,17.592731363144395,0.23596423974327127
4.0,0.8333333333333334,0.8227848101265823,0.8280254777070064,0.8024691358024691,0.019549789295891153,48.0,54.02065952146589,1.0,0.027426087742875336,23.79494769951493,0.18871135489272559
6.0,0.8181818181818182,0.6835443037974683,0.7448275862068965,0.7662337662337663,0.021035178704680843,36.0,57.62983903710295,0.9,0.0416626676686341,19.50804606551303,0.2946025152963548
4.0,0.7294117647058823,0.7848101265822784,0.7560975609756098,0.7487520798668885,0.29276646379879734,54.0,83.24581481859474,1.0,0.018282098021503403,21.36748744902472,0.27958486221916157
6.0,0.5230769230769231,0.8607594936708861,0.6507177033492824,0.5981941309255079,0.03476657507125645,62.0,75.84119042761573,1.0,0.1390603632200991,27.05286718321005,0.4296793662287589
4.0,0.8305084745762712,0.620253164556962,0.7101449275362318,0.7735191637630663,0.030722980450287492,64.0,86.96875827346727,0.9,0.010796892264365518,22.540751306323475,0.3422862064866329
6.0,0.8852459016393442,0.6835443037974683,0.7714285714285715,0.7659574468085107,0.04036369630199313,68.0,61.77403369641938,1.0,0.004445490609156628,15.392777633495,0.25951119548508456
4.0,0.8135593220338984,0.6075949367088608,0.6956521739130435,0.7535211267605634,0.10145452264218066,60.0,30.381261241567763,1.0,0.013808675691897237,24.793174444222657,0.3629054936893685
8.0,0.8840579710144928,0.7721518987341772,0.8243243243243245,0.7852348993288591,0.2342027048610265,42.0,91.91197911242885,1.0,0.009374619679671445,18.827605689463145,0.19319122903085834
4.0,0.8382352941176471,0.7215189873417721,0.7755102040816326,0.7790893760539629,0.027415621386515363,58.0,43.37548083874428,0.8,0.0067343164008176,9.412012948282483,0.25423413838424086
6.0,0.5511811023622047,0.8860759493670886,0.6796116504854369,0.6348387096774193,0.0776387225236177,70.0,79.82674618793,0.7000000000000001,0.04771917637723322,13.933201698668332,0.3862337461802767
4.0,0.7303370786516854,0.8227848101265823,0.7738095238095237,0.7539118065433856,0.042873263945816774,72.0,40.12306598937822,1.0,0.05951205558246158,16.77768608459808,0.2564295289476766
6.0,0.875,0.620253164556962,0.725925925925926,0.6428571428571428,0.02407682829191217,66.0,22.191018005774353,0.9,0.011766280465125862,18.539864582037957,0.3203072997678575
8.0,0.8888888888888888,0.810126582278481,0.847682119205298,0.8169934640522876,0.052813876452271466,94.0,69.79027820994841,1.0,0.01649279856935208,15.11636135104034,0.16524957289530717
6.0,0.8571428571428571,0.759493670886076,0.8053691275167785,0.8260162601626017,0.022542605693839264,44.0,26.354138449839482,1.0,0.0368636692590983,14.636706900577304,0.21645456316341322
4.0,0.7638888888888888,0.6962025316455697,0.7284768211920529,0.7147335423197493,0.029639952800533973,52.0,60.276330088276914,0.9,0.02272390994521042,21.72268228770823,0.31679947102250816
8.0,0.775,0.7848101265822784,0.7798742138364779,0.8063492063492063,0.03655708945796489,98.0,48.51172329132245,1.0,0.03224151833885136,17.877594929538937,0.24862263661519474
6.0,0.75,0.7974683544303798,0.7730061349693252,0.7981510015408321,0.026083472710386052,76.0,64.60140009727493,1.0,0.025658372735589553,20.495172204237853,0.25746829385528425
4.0,0.45925925925925926,0.7848101265822784,0.5794392523364486,0.5806451612903225,0.018426985370490208,96.0,71.92311079067787,0.9,0.11749415769874962,16.195537186423508,0.5456944494168147
6.0,0.8571428571428571,0.759493670886076,0.8053691275167785,0.696113074204947,0.06795083038222079,28.0,37.73734328089268,1.0,0.006082847734228453,12.612572032784344,0.21645456316341322
4.0,0.7472527472527473,0.8607594936708861,0.7999999999999999,0.7887323943661971,0.020951795801789155,84.0,52.71913606939433,1.0,0.05465477072677221,19.324785800941427,0.22314355131420985
6.0,0.8823529411764706,0.759493670886076,0.8163265306122449,0.7937062937062936,0.031160323917755306,74.0,56.34038731215821,1.0,0.008369154711759447,25.824126046005045,0.2029408439966903
4.0,0.62,0.7848101265822784,0.6927374301675978,0.691114245416079,0.04606341260229525,90.0,73.58509004016967,0.9,0.040223147517683584,13.498981350960046,0.3671042402357181
8.0,0.7647058823529411,0.8227848101265823,0.7926829268292683,0.7938931297709922,0.03909736821620551,36.0,35.356667276343785,1.0,0.07869693705676462,17.046933928699257,0.23233197736861597
4.0,0.7848101265822784,0.7848101265822784,0.7848101265822784,0.7589285714285714,0.03285146716134631,100.0,62.60731880739414,1.0,0.06455378647568312,0.546487128171373,0.24231346742193
6.0,0.7894736842105263,0.759493670886076,0.7741935483870968,0.734402852049911,0.050036941446003014,66.0,44.96686340531846,0.8,0.014291226727007876,2.3602437164551087,0.25593337413720063
4.0,0.8823529411764706,0.759493670886076,0.8163265306122449,0.81,0.05607305196007491,62.0,76.02559184920673,1.0,0.020326089557853005,9.984034886533767,0.2029408439966903
8.0,0.45517241379310347,0.8354430379746836,0.5892857142857143,0.6310483870967741,0.061287760700098816,54.0,67.46396008126993,1.0,0.18234681264389677,1.5779509767361557,0.528844129268669
6.0,0.8,0.810126582278481,0.8050314465408804,0.7865853658536586,0.028567312680133197,86.0,80.876582273915,1.0,0.02905294901228013,12.07089132211294,0.21687393830061444
4.0,0.8947368421052632,0.21518987341772153,0.3469387755102041,0.3425692695214106,0.025423290164886942,56.0,58.628510126816366,0.9,0.0037803176664062722,24.079341097471335,1.0586069540544105
4.0,0.7157894736842105,0.8607594936708861,0.7816091954022988,0.7944358578052549,0.04253103491157342,92.0,50.276677813517374,1.0,0.04467167557337191,15.956709262659723,0.2464004134784771
6.0,0.7204301075268817,0.8481012658227848,0.7790697674418606,0.7712230215827338,0.02180180360009587,48.0,15.827511518127189,1.0,0.10635281184767152,28.039078576177925,0.24965467686254147
4.0,0.6931818181818182,0.7721518987341772,0.7305389221556886,0.7018633540372672,0.09421693914201992,80.0,54.821584006185915,0.9,0.017167678674316983,23.043875238120684,0.3139727676834986
6.0,0.7325581395348837,0.7974683544303798,0.7636363636363637,0.7659574468085107,0.14480535781670215,60.0,84.14620353527822,1.0,0.07292765473338163,29.33155162085857,0.2696635669491026
8.0,0.7875,0.7974683544303798,0.7924528301886793,0.8216039279869067,0.01971594319475094,72.0,11.28498250768228,1.0,0.05097545423571343,13.188496741271402,0.23262229526875347
4.0,0.5221238938053098,0.7468354430379747,0.6145833333333333,0.5966709346991037,0.16676384076818496,96.0,47.21466755947705,0.8,0.00770281515313233,5.998230752884933,0.4868107475621169
6.0,0.4,0.8607594936708861,0.5461847389558233,0.5316973415132924,0.03458377194302735,76.0,41.82525926974613,0.7000000000000001,0.15277419616610866,19.881188620413127,0.6047980107286556
4.0,0.8939393939393939,0.7468354430379747,0.8137931034482758,0.8081494057724957,0.024857124506013156,64.0,64.99755925497816,1.0,0.022559931920027358,11.50353243281987,0.20604911795490968
8.0,0.8169014084507042,0.7341772151898734,0.7733333333333333,0.7843803056027165,0.03706824150010072,88.0,90.61322643649804,0.9,0.012711669316540317,4.397848139768552,0.25704510298989114
6.0,0.8888888888888888,0.810126582278481,0.847682119205298,0.8027681660899655,0.02270918371604833,40.0,70.22738800198726,1.0,0.015356093011167585,22.248753665232496,0.16524957289530717
4.0,0.717391304347826,0.8354430379746836,0.7719298245614035,0.76410998552822,0.06487779490753946,78.0,86.32000469363038,1.0,0.03485304717411384,8.381678144055485,0.258861633916289
6.0,0.8955223880597015,0.759493670886076,0.8219178082191781,0.8092105263157895,0.018385740509568434,50.0,77.78910575496154,1.0,0.018828650449696942,14.805722016966737,0.19611487892629037
